uniprot_id,source,pmid,year,title,normalized_mV,raw_value,unit,pH,temperature_C,is_open_access,epmc_url,context,status
A0A075BSX9,europepmc,,,(S)-6-hydroxynicotine oxidase (Shinella sp. (strain HZN7)),,,,,,,,,no_hit_found
A0QWT2,europepmc,,,Coenzyme A biosynthesis bifunctional protein CoaBC (Mycolicibacterium smegmatis (strain ATCC 700084 / mc(2)155)),,,,,,,,,no_hit_found
A2RJT9,europepmc,,,Dihydroorotate dehydrogenase A (fumarate) (Lactococcus lactis subsp. cremoris (strain MG1363)),,,,,,,,,no_hit_found
A0R607,europepmc,,,Decaprenylphosphoryl-beta-D-ribose oxidase (Mycolicibacterium smegmatis (strain ATCC 700084 / mc(2)155)),,,,,,,,,no_hit_found
A3SI50,europepmc,,,3-methylmercaptopropionyl-CoA dehydrogenase (Roseovarius nubinhibens (strain ATCC BAA-591 / DSM 15170 / ISM)),,,,,,,,,no_hit_found
A0R6D0,europepmc,,,Nitroreductase NfnB (Mycolicibacterium smegmatis (strain ATCC 700084 / mc(2)155)),,,,,,,,,no_hit_found
A6T923,europepmc,,,FAD-dependent urate hydroxylase (Klebsiella pneumoniae subsp. pneumoniae (strain ATCC 700721 / MGH 78578)),,,,,,,,,no_hit_found
A2QHE5,europepmc,,,Ferulic acid decarboxylase 1 (Aspergillus niger (strain ATCC MYA-4892 / CBS 513.88 / FGSC A1513)),,,,,,,,,no_hit_found
A0A0C6DRW4,europepmc,,,Dibenzothiophene monooxygenase (Rhodococcus erythropolis),,,,,,,,,no_hit_found
A0A075TRK9,europepmc,,,Patulin synthase (Penicillium expansum),,,,,,,,,no_hit_found
A4IU28,europepmc,,,Long-chain alkane monooxygenase (Geobacillus thermodenitrificans (strain NG80-2)),,,,,,,,,no_hit_found
A0A286R227,europepmc,,,Nitrate reductase [NADH] (Ulva prolifera),,,,,,,,,no_hit_found
A5F5Y4,europepmc,,,Na(+)-translocating NADH-quinone reductase subunit F (Vibrio cholerae serotype O1 (strain ATCC 39541 / Classical Ogawa 395 / O395)),,,,,,,,,no_hit_found
A2XDA1,europepmc,,,"15-cis-phytoene desaturase, chloroplastic/chromoplastic (Oryza sativa subsp. indica)",,,,,,,,,no_hit_found
A5F5X0,europepmc,,,Na(+)-translocating NADH-quinone reductase subunit B (Vibrio cholerae serotype O1 (strain ATCC 39541 / Classical Ogawa 395 / O395)),,,,,,,,,no_hit_found
A0A248QE08,europepmc,,,"Fatty acid photodecarboxylase, chloroplastic (Chlorella variabilis)",,,,,,,,,no_hit_found
B8M9J8,europepmc,,,FAD-dependent monooxygenase tropB (Talaromyces stipitatus (strain ATCC 10500 / CBS 375.48 / QM 6759 / NRRL 1006)),,,,,,,,,no_hit_found
B7JBP8,europepmc,,,Sulfide-quinone reductase (Acidithiobacillus ferrooxidans (strain ATCC 23270 / DSM 14882 / CIP 104768 / NCIMB 8455)),,,,,,,,,no_hit_found
B6BQB2,europepmc,,,Trimethylamine monooxygenase (Pelagibacter sp. (strain HTCC7211)),,,,,,,,,no_hit_found
A1E280,europepmc,,,Tryptophan 6-halogenase ThaL (Streptomyces albogriseolus),,,,,,,,,no_hit_found
A0A499UB99,europepmc,,,D-amino-acid oxidase (Talaromyces emersonii),,,,,,,,,no_hit_found
A4D0H5,europepmc,,,Tryptophan 5-halogenase PyrH (Streptomyces rugosporus),,,,,,,,,no_hit_found
E4QP00,europepmc,,,5-(hydroxymethyl)furfural oxidase (Methylovorus sp. (strain MP688)),,,,,,,,,no_hit_found
A9CH39,europepmc,,,(6-4) photolyase (Agrobacterium fabrum (strain C58 / ATCC 33970)),,,,,,,,,no_hit_found
A9CJC9,europepmc,,,Deoxyribodipyrimidine photo-lyase (Agrobacterium fabrum (strain C58 / ATCC 33970)),,,,,,,,,no_hit_found
F8G0P1,europepmc,,,Pseudooxynicotine dehydrogenase (Pseudomonas putida (strain DSM 28022 / S16)),,,,,,,,,no_hit_found
B9K712,europepmc,,,Iodotyrosine deiodinase (Thermotoga neapolitana (strain ATCC 49049 / DSM 4359 / NBRC 107923 / NS-E)),,,,,,,,,no_hit_found
C1I202,europepmc,,,p-benzoquinone reductase (Pseudomonas sp. (strain WBC-3)),,,,,,,,,no_hit_found
D0VWY5,europepmc,,,Glutathione amide reductase (Marichromatium gracile),,,,,,,,,no_hit_found
C6KT68,europepmc,,,"Ferredoxin--NADP reductase, apicoplast (Plasmodium falciparum (isolate 3D7))",,,,,,,,,no_hit_found
F8G0P2,europepmc,,,Nicotine dehydrogenase (Pseudomonas putida (strain DSM 28022 / S16)),,,,,,,,,no_hit_found
F8G0M4,europepmc,,,6-hydroxy-3-succinoylpyridine 3-monooxygenase HspB (Pseudomonas putida (strain DSM 28022 / S16)),,,,,,,,,no_hit_found
E9RAH5,europepmc,,,Thioredoxin reductase gliT (Aspergillus fumigatus (strain ATCC MYA-4609 / CBS 101355 / FGSC A1100 / Af293)),,,,,,,,,no_hit_found
E9QYP0,europepmc,,,L-ornithine N(5)-monooxygenase (Aspergillus fumigatus (strain ATCC MYA-4609 / CBS 101355 / FGSC A1100 / Af293)),,,,,,,,,no_hit_found
E9P162,europepmc,,,Tryptophan 6-halogenase SttH (Streptomyces toxytricini),,,,,,,,,no_hit_found
C3UVB0,europepmc,,,Glutaryl-CoA dehydrogenase (Desulfococcus multivorans),,,,,,,,,no_hit_found
I6YCA3,europepmc,,,Acyl-CoA dehydrogenase FadE26 (Mycobacterium tuberculosis (strain ATCC 25618 / H37Rv)),,,,,,,,,no_hit_found
I6Y3Q0,europepmc,,,Acyl-CoA dehydrogenase FadE27 (Mycobacterium tuberculosis (strain ATCC 25618 / H37Rv)),,,,,,,,,no_hit_found
G2QG48,europepmc,,,Xylooligosaccharide oxidase (Thermothelomyces thermophilus (strain ATCC 42464 / BCRC 31852 / DSM 1799)),,,,,,,,,no_hit_found
H6LBB1,europepmc,,,"Lactate dehydrogenase (NAD(+),ferredoxin) subunit LctC (Acetobacterium woodii (strain ATCC 29683 / DSM 1030 / JCM 2381 / KCTC 1655 / WB1))",,,,,,,,,no_hit_found
G7CBF5,europepmc,,,Mycobactin import ATP-binding/permease protein IrtA (Mycolicibacterium thermoresistibile (strain ATCC 19527 / DSM 44167 / CIP 105390 / JCM 6362 / NCTC 10409 / 316)),,,,,,,,,no_hit_found
H3JQW0,europepmc,,,"2-oxo-Delta(3)-4,5,5-trimethylcyclopentenylacetyl-CoA monooxygenase (Pseudomonas putida)",,,,,,,,,no_hit_found
D9J041,europepmc,,,Mercuric reductase (Lysinibacillus sphaericus),,,,,,,,,no_hit_found
K4REZ6,europepmc,,,8-demethyl-8-aminoriboflavin-5'-phosphate synthase (Streptomyces davaonensis (strain DSM 101723 / JCM 4913 / KCC S-0913 / 768)),,,,,,,,,no_hit_found
G3X982,europepmc,,,Aldehyde oxidase 3 (Mus musculus),,,,,,,,,no_hit_found
K7QRJ5,europepmc,,,Dialkyldecalin synthase (Streptomyces rugosporus),,,,,,,,,no_hit_found
C5H429,europepmc,,,Artemisinic aldehyde Delta(11(13)) reductase (Artemisia annua),,,,,,,,,no_hit_found
L0E155,europepmc,,,Flavin-dependent halogenase malA (Malbranchea aurantiaca),,,,,,,,,no_hit_found
O24164,europepmc,,,"Protoporphyrinogen oxidase, mitochondrial (Nicotiana tabacum)",,,,,,,,,no_hit_found
K4L7X3,europepmc,,,3-sulfinopropanoyl-CoA desulfinase (Advenella mimigardefordensis (strain DSM 17166 / LMG 22922 / DPN7)),,,,,,,,,no_hit_found
C7DLJ6,europepmc,,,Oleate hydratase (Elizabethkingia meningoseptica),,,,,,,,,no_hit_found
O58308,europepmc,,,NAD(P)H coenzyme A polysulfide/persulfide reductase (Pyrococcus horikoshii (strain ATCC 700860 / DSM 12428 / JCM 9974 / NBRC 100139 / OT-3)),,,,,,,,,no_hit_found
L0E4H0,europepmc,,,FAD-dependent monooxygenase phqK (Penicillium fellutanum),,,,,,,,,no_hit_found
O29428,europepmc,,,Ferric-chelate reductase (NAD(P)H) (Archaeoglobus fulgidus (strain ATCC 49558 / DSM 4304 / JCM 9628 / NBRC 100126 / VC-16)),,,,,,,,,no_hit_found
O62137,europepmc,,,Acyl-coenzyme A oxidase acox-1.2 (Caenorhabditis elegans),,,,,,,,,no_hit_found
O26061,europepmc,,,Flavin-dependent thymidylate synthase (Helicobacter pylori (strain ATCC 700392 / 26695)),,,,,,,,,no_hit_found
M1VMF7,europepmc,,,Fructose dehydrogenase large subunit (Gluconobacter japonicus),,,,,,,,,no_hit_found
O53666,europepmc,,,Broad-specificity linear acyl-CoA dehydrogenase FadE5 (Mycobacterium tuberculosis (strain ATCC 25618 / H37Rv)),,,,,,,,,no_hit_found
O62140,europepmc,,,Acyl-coenzyme A oxidase acox-1.1 (Caenorhabditis elegans),,,,,,,,,no_hit_found
O48652,europepmc,,,(6-4)DNA photolyase (Arabidopsis thaliana),,,,,,,,,no_hit_found
O64743,europepmc,,,Monolignol oxidoreductase AtBBE-like 15 (Arabidopsis thaliana),,,,,,,,,no_hit_found
O52582,europepmc,,,Coenzyme A disulfide reductase (Staphylococcus aureus (strain NCTC 8325 / PS 47)),,,,,,,,,no_hit_found
O15229,europepmc,,,Kynurenine 3-monooxygenase (Homo sapiens),,,,,,,,,no_hit_found
O64411,europepmc,,,Polyamine oxidase 1 (Zea mays),,,,,,,,,no_hit_found
I1SB12,europepmc,,,Carbohydrate oxidase (Microdochium nivale),,,,,,,,,no_hit_found
O67931,europepmc,,,Sulfide-quinone reductase (Aquifex aeolicus (strain VF5)),,,,,,,,,no_hit_found
O00391,europepmc,,,Sulfhydryl oxidase 1 (Homo sapiens),,,,,,,,,no_hit_found
O87008,europepmc,,,NADH:FAD oxidoreductase (Burkholderia cepacia),,,,,,,,,no_hit_found
O31616,europepmc,,,Glycine oxidase (Bacillus subtilis (strain 168)),,,,,,,,,no_hit_found
O74866,europepmc,,,Riboflavin kinase (Schizosaccharomyces pombe (strain 972 / ATCC 24843)),,,,,,,,,no_hit_found
O65202,europepmc,,,Peroxisomal acyl-coenzyme A oxidase 1 (Arabidopsis thaliana),,,,,,,,,no_hit_found
O94851,europepmc,,,[F-actin]-monooxygenase MICAL2 (Homo sapiens),,,,,,,,,no_hit_found
O89049,europepmc,,,"Thioredoxin reductase 1, cytoplasmic (Rattus norvegicus)",,,,,,,,,no_hit_found
O48963,europepmc,,,Phototropin-1 (Arabidopsis thaliana),,,,,,,,,no_hit_found
O88867,europepmc,,,Kynurenine 3-monooxygenase (Rattus norvegicus),,,,,,,,,no_hit_found
O96759,europepmc,,,Alkyldihydroxyacetonephosphate synthase (Dictyostelium discoideum),,,,,,,,,no_hit_found
O60341,europepmc,,,Lysine-specific histone demethylase 1A (Homo sapiens),,,,,,,,,no_hit_found
O77059,europepmc,,,Cryptochrome-1 (Drosophila melanogaster),,,,,,,,,no_hit_found
P00387,europepmc,,,NADH-cytochrome b5 reductase 3 (Homo sapiens),,,,,,,,,no_hit_found
O95831,europepmc,,,"Apoptosis-inducing factor 1, mitochondrial (Homo sapiens)",,,,,,,,,no_hit_found
P00371,europepmc,,,D-amino-acid oxidase (Sus scrofa),,,,,,,,,no_hit_found
P00175,europepmc,,,L-lactate dehydrogenase (cytochrome) (Saccharomyces cerevisiae (strain ATCC 204508 / S288c)),,,,,,,,,no_hit_found
O95299,europepmc,,,"NADH dehydrogenase [ubiquinone] 1 alpha subcomplex subunit 10, mitochondrial (Homo sapiens)",,,,,,,,,no_hit_found
P00455,europepmc,,,"Ferredoxin--NADP reductase, chloroplastic (Spinacia oleracea)",,,,,,,,,no_hit_found
P04842,europepmc,,,Alcohol oxidase 1 (Komagataella phaffii (strain GS115 / ATCC 20864)),,,,,,,,,no_hit_found
P05327,europepmc,,,Deoxyribodipyrimidine photo-lyase (Synechococcus sp. (strain ATCC 27144 / PCC 6301 / SAUG 1402/1)),,,,,,,,,no_hit_found
P00363,europepmc,,,Fumarate reductase flavoprotein subunit (Escherichia coli (strain K12)),,,,,,,,,no_hit_found
P00438,europepmc,,,p-hydroxybenzoate hydroxylase (Pseudomonas fluorescens),,,,,,,,,no_hit_found
P00392,europepmc,,,Mercuric reductase (Pseudomonas aeruginosa),,,,,,,,,no_hit_found
P00390,europepmc,,,"Glutathione reductase, mitochondrial (Homo sapiens)",,,,,,,,,no_hit_found
P06149,europepmc,,,Quinone-dependent D-lactate dehydrogenase (Escherichia coli (strain K12)),,,,,,,,,no_hit_found
P00914,europepmc,,,Deoxyribodipyrimidine photo-lyase (Escherichia coli (strain K12)),,,,,,,,,no_hit_found
P05414,europepmc,,,Glycolate oxidase (Spinacia oleracea),,,,,,,,,no_hit_found
P00388,europepmc,,,NADPH--cytochrome P450 reductase (Rattus norvegicus),,,,,,,,,no_hit_found
P08159,europepmc,,,(R)-6-hydroxynicotine oxidase (Paenarthrobacter nicotinovorans),,,,,,,,,no_hit_found
P07003,europepmc,,,Pyruvate dehydrogenase [ubiquinone] (Escherichia coli (strain K12)),,,,,,,,,no_hit_found
P04839,europepmc,,,NADPH oxidase 2 (Homo sapiens),,,,,,,,,no_hit_found
P07872,europepmc,,,Peroxisomal acyl-coenzyme A oxidase 1 (Rattus norvegicus),,,,,,,,,no_hit_found
P05982,europepmc,,,NAD(P)H dehydrogenase [quinone] 1 (Rattus norvegicus),,,,,,,,,no_hit_found
P08165,europepmc,,,"NADPH:adrenodoxin oxidoreductase, mitochondrial (Bos taurus)",,,,,,,,,no_hit_found
P06715,europepmc,,,Glutathione reductase (Escherichia coli (strain K12)),,,,,,,,,no_hit_found
P08142,europepmc,,,Acetolactate synthase isozyme 1 large subunit (Escherichia coli (strain K12)),,,,,,,,,no_hit_found
P09546,europepmc,,,Bifunctional protein PutA (Escherichia coli (strain K12)),,,,,,,,,no_hit_found
P09624,europepmc,,,"Dihydrolipoyl dehydrogenase, mitochondrial (Saccharomyces cerevisiae (strain ATCC 204508 / S288c))",,,,,,,,,no_hit_found
P0A6U3,europepmc,,,tRNA uridine 5-carboxymethylaminomethyl modification enzyme MnmG (Escherichia coli (strain K12)),,,,,,,,,no_hit_found
P0ABQ0,europepmc,,,Coenzyme A biosynthesis bifunctional protein CoaBC (Escherichia coli (strain K12)),,,,,,,,,no_hit_found
P09622,europepmc,,,"Dihydrolipoyl dehydrogenase, mitochondrial (Homo sapiens)",,,,,,,,,no_hit_found
P08373,europepmc,,,UDP-N-acetylenolpyruvoylglucosamine reductase (Escherichia coli (strain K12)),,,,,,,,,no_hit_found
P0AAB4,europepmc,,,3-octaprenyl-4-hydroxybenzoate carboxy-lyase (Escherichia coli (strain K12)),,,,,,,,,no_hit_found
P0A754,europepmc,,,Glutathione-regulated potassium-efflux system ancillary protein KefF (Escherichia coli (strain K12)),,,,,,,,,no_hit_found
P0A7E1,europepmc,,,Dihydroorotate dehydrogenase (quinone) (Escherichia coli (strain K12)),,,,,,,,,no_hit_found
P0A8G6,europepmc,,,NAD(P)H dehydrogenase (quinone) (Escherichia coli (strain K12)),,,,,,,,,no_hit_found
P11310,europepmc,,,"Medium-chain specific acyl-CoA dehydrogenase, mitochondrial (Homo sapiens)",,,,,,,,,no_hit_found
P0C278,europepmc,,,Fumarate reductase (cytochrome) (Shewanella frigidimarina),,,,,,,,,no_hit_found
P10933,europepmc,,,"Ferredoxin--NADP reductase, leaf isozyme, chloroplastic (Pisum sativum)",,,,,,,,,no_hit_found
P12676,europepmc,,,Cholesterol oxidase (Streptomyces sp. (strain SA-COO)),,,,,,,,,no_hit_found
P0DI84,europepmc,,,L-amino-acid oxidase (Vipera ammodytes ammodytes),,,,,,,,,no_hit_found
P0CC17,europepmc,,,L-amino-acid oxidase (Bothrops atrox),,,,,,,,,no_hit_found
P13804,europepmc,,,"Electron transfer flavoprotein subunit alpha, mitochondrial (Homo sapiens)",,,,,,,,,no_hit_found
P14218,europepmc,,,Dihydrolipoyl dehydrogenase (Pseudomonas fluorescens),,,,,,,,,no_hit_found
P0AC41,europepmc,,,Succinate dehydrogenase flavoprotein subunit (Escherichia coli (strain K12)),,,,,,,,,no_hit_found
P13035,europepmc,,,Aerobic glycerol-3-phosphate dehydrogenase (Escherichia coli (strain K12)),,,,,,,,,no_hit_found
P0A9P0,europepmc,,,Dihydrolipoyl dehydrogenase (Escherichia coli (strain K12)),,,,,,,,,no_hit_found
P14779,europepmc,,,Bifunctional cytochrome P450/NADPH--P450 reductase (Priestia megaterium (strain ATCC 14581 / DSM 32 / CCUG 1817 / JCM 2506 / NBRC 15308 / NCIMB 9376 / NCTC 10342 / NRRL B-14308 / VKM B-512 / Ford 19)),,,,,,,,,no_hit_found
P10902,europepmc,,,L-aspartate oxidase (Escherichia coli (strain K12)),,,,,,,,,no_hit_found
P15245,europepmc,,,Phenol hydroxylase (Cutaneotrichosporon cutaneum),,,,,,,,,no_hit_found
P14920,europepmc,,,D-amino-acid oxidase (Homo sapiens),,,,,,,,,no_hit_found
P15559,europepmc,,,NAD(P)H dehydrogenase [quinone] 1 (Homo sapiens),,,,,,,,,no_hit_found
P16083,europepmc,,,Ribosyldihydronicotinamide dehydrogenase [quinone] (Homo sapiens),,,,,,,,,no_hit_found
P17117,europepmc,,,Oxygen-insensitive NADPH nitroreductase (Escherichia coli (strain K12)),,,,,,,,,no_hit_found
P0AEN1,europepmc,,,NAD(P)H-flavin reductase (Escherichia coli (strain K12)),,,,,,,,,no_hit_found
P16603,europepmc,,,NADPH--cytochrome P450 reductase (Saccharomyces cerevisiae (strain ATCC 204508 / S288c)),,,,,,,,,no_hit_found
P16219,europepmc,,,"Short-chain specific acyl-CoA dehydrogenase, mitochondrial (Homo sapiens)",,,,,,,,,no_hit_found
P0AEZ1,europepmc,,,"5,10-methylenetetrahydrofolate reductase (Escherichia coli (strain K12))",,,,,,,,,no_hit_found
P0A9P4,europepmc,,,Thioredoxin reductase (Escherichia coli (strain K12)),,,,,,,,,no_hit_found
P15651,europepmc,,,"Short-chain specific acyl-CoA dehydrogenase, mitochondrial (Rattus norvegicus)",,,,,,,,,no_hit_found
P16435,europepmc,,,NADPH--cytochrome P450 reductase (Homo sapiens),,,,,,,,,no_hit_found
P17597,europepmc,,,"Acetolactate synthase, chloroplastic (Arabidopsis thaliana)",,,,,,,,,no_hit_found
P17412,europepmc,,,Fumarate reductase flavoprotein subunit (Wolinella succinogenes (strain ATCC 29543 / DSM 1740 / CCUG 13145 / JCM 31913 / LMG 7466 / NCTC 11488 / FDC 602W)),,,,,,,,,no_hit_found
P18925,europepmc,,,Dihydrolipoyl dehydrogenase (Azotobacter vinelandii),,,,,,,,,no_hit_found
P21397,europepmc,,,Amine oxidase [flavin-containing] A (Homo sapiens),,,,,,,,,no_hit_found
P17571,europepmc,,,Nitrate reductase [NADH] 1 (Zea mays),,,,,,,,,no_hit_found
P24232,europepmc,,,Flavohemoprotein (Escherichia coli (strain K12)),,,,,,,,,no_hit_found
P0AFI7,europepmc,,,Pyridoxine/pyridoxamine 5'-phosphate oxidase (Escherichia coli (strain K12)),,,,,,,,,no_hit_found
P13006,europepmc,,,Glucose oxidase (Aspergillus niger),,,,,,,,,no_hit_found
P25006,europepmc,,,Copper-containing nitrite reductase (Achromobacter cycloclastes),,,,,,,,,no_hit_found
P20586,europepmc,,,p-hydroxybenzoate hydroxylase (Pseudomonas aeruginosa (strain ATCC 15692 / DSM 22644 / CIP 104116 / JCM 14847 / LMG 12228 / 1C / PRS 101 / PAO1)),,,,,,,,,no_hit_found
P20932,europepmc,,,(S)-mandelate dehydrogenase (Pseudomonas putida),,,,,,,,,no_hit_found
P25708,europepmc,,,"NADH dehydrogenase [ubiquinone] flavoprotein 1, mitochondrial (Bos taurus)",,,,,,,,,no_hit_found
P22637,europepmc,,,Cholesterol oxidase (Brevibacterium sterolicum),,,,,,,,,no_hit_found
P21375,europepmc,,,Fumarate reductase 2 (Saccharomyces cerevisiae (strain ATCC 204508 / S288c)),,,,,,,,,no_hit_found
P20070,europepmc,,,NADH-cytochrome b5 reductase 3 (Rattus norvegicus),,,,,,,,,no_hit_found
P27338,europepmc,,,Amine oxidase [flavin-containing] B (Homo sapiens),,,,,,,,,no_hit_found
P21396,europepmc,,,Amine oxidase [flavin-containing] A (Rattus norvegicus),,,,,,,,,no_hit_found
P22985,europepmc,,,Xanthine dehydrogenase/oxidase (Rattus norvegicus),,,,,,,,,no_hit_found
P26440,europepmc,,,"Isovaleryl-CoA dehydrogenase, mitochondrial (Homo sapiens)",,,,,,,,,no_hit_found
P25535,europepmc,,,2-octaprenylphenol hydroxylase (Escherichia coli (strain K12)),,,,,,,,,no_hit_found
P28593,europepmc,,,Trypanothione reductase (Trypanosoma cruzi),,,,,,,,,no_hit_found
P29474,europepmc,,,Nitric oxide synthase 3 (Homo sapiens),,,,,,,,,no_hit_found
P28330,europepmc,,,"Long-chain specific acyl-CoA dehydrogenase, mitochondrial (Homo sapiens)",,,,,,,,,no_hit_found
P28861,europepmc,,,Flavodoxin/ferredoxin--NADP reductase (Escherichia coli (strain K12)),,,,,,,,,no_hit_found
P29473,europepmc,,,Nitric oxide synthase 3 (Bos taurus),,,,,,,,,no_hit_found
P0AGE6,europepmc,,,Quinone reductase (Escherichia coli (strain K12)),,,,,,,,,no_hit_found
P27882,europepmc,,,Mitochondrial FAD-linked sulfhydryl oxidase ERV1 (Saccharomyces cerevisiae (strain ATCC 204508 / S288c)),,,,,,,,,no_hit_found
P31023,europepmc,,,"Dihydrolipoyl dehydrogenase, mitochondrial (Pisum sativum)",,,,,,,,,no_hit_found
P29475,europepmc,,,Nitric oxide synthase 1 (Homo sapiens),,,,,,,,,no_hit_found
P29476,europepmc,,,Nitric oxide synthase 1 (Rattus norvegicus),,,,,,,,,no_hit_found
P28777,europepmc,,,Chorismate synthase ARO2 (Saccharomyces cerevisiae (strain ATCC 204508 / S288c)),,,,,,,,,no_hit_found
P30986,europepmc,,,Reticuline oxidase (Eschscholzia californica),,,,,,,,,no_hit_found
P29509,europepmc,,,Thioredoxin reductase 1 (Saccharomyces cerevisiae (strain ATCC 204508 / S288c)),,,,,,,,,no_hit_found
P32340,europepmc,,,"Rotenone-insensitive NADH-ubiquinone oxidoreductase, mitochondrial (Saccharomyces cerevisiae (strain ATCC 204508 / S288c))",,,,,,,,,no_hit_found
P29477,europepmc,,,"Nitric oxide synthase, inducible (Mus musculus)",,,,,,,,,no_hit_found
P30197,europepmc,,,Epidermin decarboxylase (Staphylococcus epidermidis),,,,,,,,,no_hit_found
P31040,europepmc,,,"Succinate dehydrogenase [ubiquinone] flavoprotein subunit, mitochondrial (Homo sapiens)",,,,,,,,,no_hit_found
P31979,europepmc,,,NADH-quinone oxidoreductase subunit F (Escherichia coli (strain K12)),,,,,,,,,no_hit_found
P35228,europepmc,,,"Nitric oxide synthase, inducible (Homo sapiens)",,,,,,,,,no_hit_found
P32397,europepmc,,,Coproporphyrinogen III oxidase (Bacillus subtilis (strain 168)),,,,,,,,,no_hit_found
P33224,europepmc,,,Putative acyl-CoA dehydrogenase AidB (Escherichia coli (strain K12)),,,,,,,,,no_hit_found
P33371,europepmc,,,tRNA-dihydrouridine(16) synthase (Escherichia coli (strain K12)),,,,,,,,,no_hit_found
P38169,europepmc,,,Kynurenine 3-monooxygenase (Saccharomyces cerevisiae (strain ATCC 204508 / S288c)),,,,,,,,,no_hit_found
P38626,europepmc,,,NADH-cytochrome b5 reductase 1 (Saccharomyces cerevisiae (strain ATCC 204508 / S288c)),,,,,,,,,no_hit_found
P39662,europepmc,,,Flavohemoprotein (Cupriavidus necator (strain ATCC 17699 / DSM 428 / KCTC 22496 / NCIMB 10442 / H16 / Stanier 337)),,,,,,,,,no_hit_found
P40859,europepmc,,,Monomeric sarcosine oxidase (Bacillus sp. (strain B-0618)),,,,,,,,,no_hit_found
P41816,europepmc,,,NADPH dehydrogenase 3 (Saccharomyces cerevisiae (strain ATCC 204508 / S288c)),,,,,,,,,no_hit_found
P35340,europepmc,,,Alkyl hydroperoxide reductase subunit F (Escherichia coli (strain K12)),,,,,,,,,no_hit_found
P38038,europepmc,,,Sulfite reductase [NADPH] flavoprotein alpha-component (Escherichia coli (strain K12)),,,,,,,,,no_hit_found
P40874,europepmc,,,N-methyl-L-tryptophan oxidase (Escherichia coli (strain K12)),,,,,,,,,no_hit_found
P37747,europepmc,,,UDP-galactopyranose mutase (Escherichia coli (strain K12)),,,,,,,,,no_hit_found
P38501,europepmc,,,Copper-containing nitrite reductase (Alcaligenes faecalis),,,,,,,,,no_hit_found
P38075,europepmc,,,Pyridoxamine 5'-phosphate oxidase (Saccharomyces cerevisiae (strain ATCC 204508 / S288c)),,,,,,,,,no_hit_found
P41407,europepmc,,,FMN-dependent NADH:quinone oxidoreductase (Escherichia coli (strain K12)),,,,,,,,,no_hit_found
P38489,europepmc,,,Oxygen-insensitive NAD(P)H nitroreductase (Escherichia coli (strain K12)),,,,,,,,,no_hit_found
P54322,europepmc,,,"Dihydroorotate dehydrogenase B (NAD(+)), catalytic subunit (Lactococcus lactis subsp. cremoris (strain MG1363))",,,,,,,,,no_hit_found
P41367,europepmc,,,"Medium-chain specific acyl-CoA dehydrogenase, mitochondrial (Sus scrofa)",,,,,,,,,no_hit_found
P39040,europepmc,,,Trypanothione reductase (Crithidia fasciculata),,,,,,,,,no_hit_found
P42593,europepmc,,,"2,4-dienoyl-CoA reductase [(2E)-enoyl-CoA-producing] (Escherichia coli (strain K12))",,,,,,,,,no_hit_found
P41921,europepmc,,,Glutathione reductase (Saccharomyces cerevisiae (strain ATCC 204508 / S288c)),,,,,,,,,no_hit_found
P45954,europepmc,,,"Short/branched chain specific acyl-CoA dehydrogenase, mitochondrial (Homo sapiens)",,,,,,,,,no_hit_found
P42898,europepmc,,,Methylenetetrahydrofolate reductase (NADPH) (Homo sapiens),,,,,,,,,no_hit_found
P55789,europepmc,,,FAD-linked sulfhydryl oxidase ALR (Homo sapiens),,,,,,,,,no_hit_found
P55931,europepmc,,,"Electron transfer flavoprotein-ubiquinone oxidoreductase, mitochondrial (Sus scrofa)",,,,,,,,,no_hit_found
P61497,europepmc,,,Deoxyribodipyrimidine photo-lyase (Thermus thermophilus (strain ATCC 27634 / DSM 579 / HB8)),,,,,,,,,no_hit_found
P54550,europepmc,,,NADPH dehydrogenase (Bacillus subtilis (strain 168)),,,,,,,,,no_hit_found
P50544,europepmc,,,"Very long-chain specific acyl-CoA dehydrogenase, mitochondrial (Mus musculus)",,,,,,,,,no_hit_found
P49748,europepmc,,,"Very long-chain specific acyl-CoA dehydrogenase, mitochondrial (Homo sapiens)",,,,,,,,,no_hit_found
P61615,europepmc,,,Isopentenyl-diphosphate delta-isomerase (Saccharolobus shibatae (strain ATCC 51178 / DSM 5389 / JCM 8931 / NBRC 15437 / B12)),,,,,,,,,no_hit_found
P61076,europepmc,,,Thioredoxin reductase (Plasmodium falciparum (isolate 3D7)),,,,,,,,,no_hit_found
P47989,europepmc,,,Xanthine dehydrogenase/oxidase (Homo sapiens),,,,,,,,,no_hit_found
P50336,europepmc,,,Protoporphyrinogen oxidase (Homo sapiens),,,,,,,,,no_hit_found
P77182,europepmc,,,tRNA 5-methylaminomethyl-2-thiouridine biosynthesis bifunctional protein MnmC (Escherichia coli (strain K12)),,,,,,,,,no_hit_found
P75898,europepmc,,,Pyrimidine monooxygenase RutA (Escherichia coli (strain K12)),,,,,,,,,no_hit_found
P75063,europepmc,,,Glycerol 3-phosphate oxidase (Mycoplasma pneumoniae (strain ATCC 29342 / M129 / Subtype 1)),,,,,,,,,no_hit_found
P77212,europepmc,,,Probable pyridine nucleotide-disulfide oxidoreductase RclA (Escherichia coli (strain K12)),,,,,,,,,no_hit_found
P77324,europepmc,,,Aldehyde oxidoreductase FAD-binding subunit PaoB (Escherichia coli (strain K12)),,,,,,,,,no_hit_found
P49821,europepmc,,,"NADH dehydrogenase [ubiquinone] flavoprotein 1, mitochondrial (Homo sapiens)",,,,,,,,,no_hit_found
P56216,europepmc,,,Vanillyl-alcohol oxidase (Penicillium simplicissimum),,,,,,,,,no_hit_found
P81156,europepmc,,,Glucose oxidase (Penicillium amagasakiense),,,,,,,,,no_hit_found
P80324,europepmc,,,D-amino-acid oxidase (Rhodotorula toruloides),,,,,,,,,no_hit_found
P83223,europepmc,,,Fumarate reductase (cytochrome) (Shewanella oneidensis (strain ATCC 700550 / JCM 31522 / CIP 106686 / LMG 19005 / NCIMB 14063 / MR-1)),,,,,,,,,no_hit_found
P94424,europepmc,,,FMN reductase [NAD(P)H] (Bacillus subtilis (strain 168)),,,,,,,,,no_hit_found
P83686,europepmc,,,NADH-cytochrome b5 reductase 3 (Sus scrofa),,,,,,,,,no_hit_found
P77258,europepmc,,,N-ethylmaleimide reductase (Escherichia coli (strain K12)),,,,,,,,,no_hit_found
P95160,europepmc,,,Type II NADH:quinone oxidoreductase Ndh (Mycobacterium tuberculosis (strain ATCC 25618 / H37Rv)),,,,,,,,,no_hit_found
P81382,europepmc,,,L-amino-acid oxidase (Calloselasma rhodostoma),,,,,,,,,no_hit_found
P91929,europepmc,,,"NADH dehydrogenase [ubiquinone] 1 alpha subcomplex subunit 10, mitochondrial (Drosophila melanogaster)",,,,,,,,,no_hit_found
P9WG57,europepmc,,,Flavin-dependent thymidylate synthase (Mycobacterium tuberculosis (strain ATCC 25618 / H37Rv)),,,,,,,,,no_hit_found
P80645,europepmc,,,Alkanesulfonate monooxygenase (Escherichia coli (strain K12)),,,,,,,,,no_hit_found
P97275,europepmc,,,"Alkyldihydroxyacetonephosphate synthase, peroxisomal (Cavia porcellus)",,,,,,,,,no_hit_found
P91938,europepmc,,,"Thioredoxin reductase 1, mitochondrial (Drosophila melanogaster)",,,,,,,,,no_hit_found
P80457,europepmc,,,Xanthine dehydrogenase/oxidase (Bos taurus),,,,,,,,,no_hit_found
P9WIQ3,europepmc,,,NADPH-ferredoxin reductase FprA (Mycobacterium tuberculosis (strain ATCC 25618 / H37Rv)),,,,,,,,,no_hit_found
P95480,europepmc,,,Tryptophan 7-halogenase PrnA (Pseudomonas fluorescens),,,,,,,,,no_hit_found
P9WJA1,europepmc,,,"Flavin-dependent monooxygenase, oxygenase subunit HsaA (Mycobacterium tuberculosis (strain ATCC 25618 / H37Rv))",,,,,,,,,no_hit_found
P9WHH7,europepmc,,,NAD(P)H dehydrogenase (quinone) (Mycobacterium tuberculosis (strain ATCC 25618 / H37Rv)),,,,,,,,,no_hit_found
P9WJF1,europepmc,,,Decaprenylphosphoryl-beta-D-ribose oxidase (Mycobacterium tuberculosis (strain ATCC 25618 / H37Rv)),,,,,,,,,no_hit_found
P93025,europepmc,,,Phototropin-2 (Arabidopsis thaliana),,,,,,,,,no_hit_found
P9WHH1,europepmc,,,Thioredoxin reductase (Mycobacterium tuberculosis (strain ATCC 25618 / H37Rv)),,,,,,,,,no_hit_found
P9WHH9,europepmc,,,Dihydrolipoyl dehydrogenase (Mycobacterium tuberculosis (strain ATCC 25618 / H37Rv)),,,,,,,,,no_hit_found
P9WQJ9,europepmc,,,Mycobactin import ATP-binding/permease protein IrtA (Mycobacterium tuberculosis (strain ATCC 25618 / H37Rv)),,,,,,,,,no_hit_found
P9WIQ1,europepmc,,,UDP-galactopyranose mutase (Mycobacterium tuberculosis (strain ATCC 25618 / H37Rv)),,,,,,,,,no_hit_found
Q08210,europepmc,,,"Dihydroorotate dehydrogenase (quinone), mitochondrial (Plasmodium falciparum (isolate 3D7))",,,,,,,,,no_hit_found
P9WPY1,europepmc,,,Chorismate synthase (Mycobacterium tuberculosis (strain ATCC 25618 / H37Rv)),,,,,,,,,no_hit_found
P97784,europepmc,,,Cryptochrome-1 (Mus musculus),,,,,,,,,no_hit_found
Q03558,europepmc,,,NADPH dehydrogenase 2 (Saccharomyces cerevisiae (strain ATCC 204508 / S288c)),,,,,,,,,no_hit_found
Q07923,europepmc,,,NAD(P)H-dependent FMN reductase LOT6 (Saccharomyces cerevisiae (strain ATCC 204508 / S288c)),,,,,,,,,no_hit_found
Q03034,europepmc,,,Ferulic acid decarboxylase 1 (Saccharomyces cerevisiae (strain ATCC 204508 / S288c)),,,,,,,,,no_hit_found
Q02899,europepmc,,,NADPH dehydrogenase 1 (Saccharomyces pastorianus),,,,,,,,,no_hit_found
Q0PCD7,europepmc,,,Aclacinomycin-N/aclacinomycin-A oxidase (Streptomyces galilaeus),,,,,,,,,no_hit_found
Q03103,europepmc,,,Endoplasmic oxidoreductin-1 (Saccharomyces cerevisiae (strain ATCC 204508 / S288c)),,,,,,,,,no_hit_found
Q07523,europepmc,,,2-Hydroxyacid oxidase 2 (Rattus norvegicus),,,,,,,,,no_hit_found
Q2FZV7,europepmc,,,Type II NADH:quinone oxidoreductase (Staphylococcus aureus (strain NCTC 8325 / PS 47)),,,,,,,,,no_hit_found
Q0ZIH5,europepmc,,,Dibenzothiophene monooxygenase (Rhodococcus erythropolis),,,,,,,,,no_hit_found
Q05755,europepmc,,,Glutamate synthase [NADPH] large chain (Azospirillum brasilense),,,,,,,,,no_hit_found
Q02127,europepmc,,,"Dihydroorotate dehydrogenase (quinone), mitochondrial (Homo sapiens)",,,,,,,,,no_hit_found
Q12284,europepmc,,,FAD-linked sulfhydryl oxidase ERV2 (Saccharomyces cerevisiae (strain ATCC 204508 / S288c)),,,,,,,,,no_hit_found
Q3L887,europepmc,,,Broad-specificity linear acyl-CoA dehydrogenase FadE5 (Mycolicibacterium smegmatis (strain ATCC 700084 / mc(2)155)),,,,,,,,,no_hit_found
Q01738,europepmc,,,Cellobiose dehydrogenase (Phanerodontia chrysosporium),,,,,,,,,no_hit_found
Q4JA33,europepmc,,,Digeranylgeranylglycerophospholipid reductase (Sulfolobus acidocaldarius (strain ATCC 33909 / DSM 639 / JCM 8929 / NBRC 15157 / NCIMB 11770)),,,,,,,,,no_hit_found
Q33862,europepmc,,,"Succinate dehydrogenase [rhodoquinone] flavoprotein subunit 1, mitochondrial (Ascaris suum)",,,,,,,,,no_hit_found
Q44467,europepmc,,,L-lactate oxidase (Aerococcus viridans (strain ATCC 11563 / DSM 20340 / CCUG 4311 / JCM 20461 / NBRC 12219 / NCTC 8251 / M1)),,,,,,,,,no_hit_found
Q28943,europepmc,,,Dihydropyrimidine dehydrogenase [NADP(+)] (Sus scrofa),,,,,,,,,no_hit_found
Q4WD43,europepmc,,,Amino acid oxidase fsqB (Aspergillus fumigatus (strain ATCC MYA-4609 / CBS 101355 / FGSC A1100 / Af293)),,,,,,,,,no_hit_found
Q3L245,europepmc,,,Pyranose dehydrogenase 1 (Leucoagaricus meleagris),,,,,,,,,no_hit_found
Q39243,europepmc,,,"Thioredoxin reductase 1, mitochondrial (Arabidopsis thaliana)",,,,,,,,,no_hit_found
Q06278,europepmc,,,Aldehyde oxidase (Homo sapiens),,,,,,,,,no_hit_found
Q4D3W2,europepmc,,,Dihydroorotate dehydrogenase (fumarate) (Trypanosoma cruzi (strain CL Brener)),,,,,,,,,no_hit_found
Q56839,europepmc,,,"2-oxopropyl-CoM reductase, carboxylating (Xanthobacter autotrophicus (strain ATCC BAA-1158 / Py2))",,,,,,,,,no_hit_found
Q57U83,europepmc,,,Dihydroorotate dehydrogenase (fumarate) (Trypanosoma brucei brucei (strain 927/4 GUTat10.1)),,,,,,,,,no_hit_found
Q47PU3,europepmc,,,Phenylacetone monooxygenase (Thermobifida fusca (strain YX)),,,,,,,,,no_hit_found
Q0QF01,europepmc,,,"Succinate dehydrogenase [ubiquinone] flavoprotein subunit, mitochondrial (Sus scrofa)",,,,,,,,,no_hit_found
Q14534,europepmc,,,Squalene monooxygenase (Homo sapiens),,,,,,,,,no_hit_found
Q50497,europepmc,,,Coenzyme F420H(2) oxidase (Methanothermobacter marburgensis (strain ATCC BAA-927 / DSM 2133 / JCM 14651 / NBRC 100331 / OCM 82 / Marburg)),,,,,,,,,no_hit_found
Q16881,europepmc,,,"Thioredoxin reductase 1, cytoplasmic (Homo sapiens)",,,,,,,,,no_hit_found
Q46877,europepmc,,,Anaerobic nitric oxide reductase flavorubredoxin (Escherichia coli (strain K12)),,,,,,,,,no_hit_found
Q54530,europepmc,,,Aklavinone 12-hydroxylase RdmE (Streptomyces purpurascens),,,,,,,,,no_hit_found
Q51548,europepmc,,,L-ornithine N(5)-monooxygenase (Pseudomonas aeruginosa (strain ATCC 15692 / DSM 22644 / CIP 104116 / JCM 14847 / LMG 12228 / 1C / PRS 101 / PAO1)),,,,,,,,,no_hit_found
Q4V8K1,europepmc,,,Metalloreductase STEAP4 (Rattus norvegicus),,,,,,,,,no_hit_found
Q5W9R9,europepmc,,,Phenylalanine 2-monooxygenase precursor (Pseudomonas sp),,,,,,,,,no_hit_found
Q50LF2,europepmc,,,Sarcosine oxidase subunit beta (Corynebacterium sp. (strain U-96)),,,,,,,,,no_hit_found
Q16795,europepmc,,,"NADH dehydrogenase [ubiquinone] 1 alpha subcomplex subunit 9, mitochondrial (Homo sapiens)",,,,,,,,,no_hit_found
Q5QJ60,europepmc,,,Berberine bridge enzyme-like Cyn d 4 (Cynodon dactylon),,,,,,,,,no_hit_found
Q5SMC7,europepmc,,,tRNA-dihydrouridine(20/20a) synthase (Thermus thermophilus (strain ATCC 27634 / DSM 579 / HB8)),,,,,,,,,no_hit_found
Q5L2C2,europepmc,,,Glycine oxidase (Geobacillus kaustophilus (strain HTA426)),,,,,,,,,no_hit_found
Q60365,europepmc,,,Riboflavin kinase (Methanocaldococcus jannaschii (strain ATCC 43067 / DSM 2661 / JAL-1 / JCM 10045 / NBRC 100440)),,,,,,,,,no_hit_found
Q4W1X2,europepmc,,,UDP-galactopyranose mutase (Aspergillus fumigatus),,,,,,,,,no_hit_found
Q652L6,europepmc,,,"Monodehydroascorbate reductase 3, cytosolic (Oryza sativa subsp. japonica)",,,,,,,,,no_hit_found
Q5ZAJ0,europepmc,,,Respiratory burst oxidase homolog protein B (Oryza sativa subsp. japonica),,,,,,,,,no_hit_found
Q6Q272,europepmc,,,"p-hydroxyphenylacetate 3-hydroxylase, oxygenase component (Acinetobacter baumannii)",,,,,,,,,no_hit_found
Q43125,europepmc,,,Cryptochrome-1 (Arabidopsis thaliana),,,,,,,,,no_hit_found
Q63707,europepmc,,,"Dihydroorotate dehydrogenase (quinone), mitochondrial (Rattus norvegicus)",,,,,,,,,no_hit_found
Q6WNP1,europepmc,,,Dibenzothiophene monooxygenase (Rhodococcus erythropolis (strain XP)),,,,,,,,,no_hit_found
Q72IB8,uniprot,,,Proline dehydrogenase (Thermus thermophilus (strain ATCC BAA-163 / DSM 7039 / HB27)),-75.000,-75 mV,mV,,,,https://www.uniprot.org/uniprotkb/Q72IB8/entry,UniProt redox potential annotation near: -75 mV,hit
Q63342,europepmc,,,"Dimethylglycine dehydrogenase, mitochondrial (Rattus norvegicus)",,,,,,,,,no_hit_found
Q63042,europepmc,,,FAD-linked sulfhydryl oxidase ALR (Rattus norvegicus),,,,,,,,,no_hit_found
Q7L1T6,uniprot,,,Cytochrome b5 reductase 4 (Homo sapiens),-108.000,-108 mV,mV,,,,https://www.uniprot.org/uniprotkb/Q7L1T6/entry,UniProt redox potential annotation near: -108 mV,hit
Q6TGQ9,europepmc,,,L-amino-acid oxidase BjussuLAAO-I (Bothrops jararacussu),,,,,,,,,no_hit_found
Q5VYX0,europepmc,,,Renalase (Homo sapiens),,,,,,,,,no_hit_found
Q6PHW0,europepmc,,,Iodotyrosine deiodinase 1 (Homo sapiens),,,,,,,,,no_hit_found
Q687X5,europepmc,,,Metalloreductase STEAP4 (Homo sapiens),,,,,,,,,no_hit_found
Q658P3,europepmc,,,Metalloreductase STEAP3 (Homo sapiens),,,,,,,,,no_hit_found
Q6QWR1,europepmc,,,Pyranose 2-oxidase (Phanerodontia chrysosporium),,,,,,,,,no_hit_found
Q6STF1,europepmc,,,L-amino-acid oxidase (Gloydius halys),,,,,,,,,no_hit_found
Q64669,europepmc,,,NAD(P)H dehydrogenase [quinone] 1 (Mus musculus),,,,,,,,,no_hit_found
Q6IUU3,europepmc,,,Sulfhydryl oxidase 1 (Rattus norvegicus),,,,,,,,,no_hit_found
Q84KJ5,europepmc,,,"Cryptochrome DASH, chloroplastic/mitochondrial (Arabidopsis thaliana)",,,,,,,,,no_hit_found
Q6F6A2,europepmc,,,Deoxyribodipyrimidine photo-lyase (Oryza sativa subsp. japonica),,,,,,,,,no_hit_found
Q88FY2,europepmc,,,6-hydroxynicotinate 3-monooxygenase (Pseudomonas putida (strain ATCC 47054 / DSM 6125 / CFBP 8728 / NCIMB 11950 / KT2440)),,,,,,,,,no_hit_found
Q831B2,europepmc,,,FMN-dependent NADH:quinone oxidoreductase (Enterococcus faecalis (strain ATCC 700802 / V583)),,,,,,,,,no_hit_found
Q6PW77,europepmc,,,Glucooligosaccharide oxidase (Sarocladium strictum),,,,,,,,,no_hit_found
Q709F0,europepmc,,,Acyl-CoA dehydrogenase family member 11 (Homo sapiens),,,,,,,,,no_hit_found
Q746I8,europepmc,,,Isopentenyl-diphosphate delta-isomerase (Thermus thermophilus (strain ATCC BAA-163 / DSM 7039 / HB27)),,,,,,,,,no_hit_found
Q6SSJ6,europepmc,,,3-hydroxybenzoate 4-monooxygenase (Comamonas testosteroni),,,,,,,,,no_hit_found
Q7RTP6,europepmc,,,[F-actin]-monooxygenase MICAL3 (Homo sapiens),,,,,,,,,no_hit_found
Q8C0L6,europepmc,,,Peroxisomal N(1)-acetyl-spermine/spermidine oxidase (Mus musculus),,,,,,,,,no_hit_found
Q7ZAG8,europepmc,,,Sulfide-quinone reductase (Acidianus ambivalens),,,,,,,,,no_hit_found
Q8GS60,europepmc,,,"7-hydroxymethyl chlorophyll a reductase, chloroplastic (Arabidopsis thaliana)",,,,,,,,,no_hit_found
Q8L3C7,europepmc,,,L-glutamate oxidase precursor (Streptomyces sp),,,,,,,,,no_hit_found
Q8J136,europepmc,,,Pyranose 2-oxidase (Peniophora sp. (strain SG)),,,,,,,,,no_hit_found
Q7X2H8,europepmc,,,Choline oxidase (Arthrobacter globiformis),,,,,,,,,no_hit_found
Q8U1K9,europepmc,,,NAD(P)H:rubredoxin oxidoreductase (Pyrococcus furiosus (strain ATCC 43587 / DSM 3638 / JCM 8422 / Vc1)),,,,,,,,,no_hit_found
Q8GXX0,europepmc,,,FAD-linked sulfhydryl oxidase ERV1 (Arabidopsis thaliana),,,,,,,,,no_hit_found
Q8BND5,europepmc,,,Sulfhydryl oxidase 1 (Mus musculus),,,,,,,,,no_hit_found
Q86VQ6,europepmc,,,Thioredoxin reductase 3 (Homo sapiens),,,,,,,,,no_hit_found
Q8NB78,europepmc,,,Lysine-specific histone demethylase 2 (Homo sapiens),,,,,,,,,no_hit_found
Q84HF5,europepmc,,,Kynurenine 3-monooxygenase (Pseudomonas fluorescens),,,,,,,,,no_hit_found
Q8N465,europepmc,,,"D-2-hydroxyglutarate dehydrogenase, mitochondrial (Homo sapiens)",,,,,,,,,no_hit_found
Q8U194,europepmc,,,Sulfide dehydrogenase subunit beta (Pyrococcus furiosus (strain ATCC 43587 / DSM 3638 / JCM 8422 / Vc1)),,,,,,,,,no_hit_found
Q8VDP3,europepmc,,,[F-actin]-monooxygenase MICAL1 (Mus musculus),,,,,,,,,no_hit_found
Q8U195,europepmc,,,Sulfide dehydrogenase subunit alpha (Pyrococcus furiosus (strain ATCC 43587 / DSM 3638 / JCM 8422 / Vc1)),,,,,,,,,no_hit_found
Q92PC8,europepmc,,,"5,6-dimethylbenzimidazole synthase (Rhizobium meliloti (strain 1021))",,,,,,,,,no_hit_found
Q8LAH7,europepmc,,,12-oxophytodienoate reductase 1 (Arabidopsis thaliana),,,,,,,,,no_hit_found
Q8NFT2,europepmc,,,Metalloreductase STEAP2 (Homo sapiens),,,,,,,,,no_hit_found
Q8GTB6,europepmc,,,Tetrahydrocannabinolic acid synthase (Cannabis sativa),,,,,,,,,no_hit_found
Q93NH4,europepmc,,,(S)-6-hydroxynicotine oxidase (Paenarthrobacter nicotinovorans),,,,,,,,,no_hit_found
Q8NFF5,europepmc,,,FAD synthase (Homo sapiens),,,,,,,,,no_hit_found
Q8WU10,europepmc,,,Pyridine nucleotide-disulfide oxidoreductase domain-containing protein 1 (Homo sapiens),,,,,,,,,no_hit_found
Q8W420,europepmc,,,Adagio protein 2 (Arabidopsis thaliana),,,,,,,,,no_hit_found
Q8TDZ2,europepmc,,,[F-actin]-monooxygenase MICAL1 (Homo sapiens),,,,,,,,,no_hit_found
Q8LPD9,europepmc,,,Phototropin (Chlamydomonas reinhardtii),,,,,,,,,no_hit_found
Q8VPD4,europepmc,,,L-amino acid oxidase (Rhodococcus opacus),,,,,,,,,no_hit_found
Q8X1D8,europepmc,,,Nitroalkane oxidase (Fusarium oxysporum),,,,,,,,,no_hit_found
Q96329,europepmc,,,"Acyl-coenzyme A oxidase 4, peroxisomal (Arabidopsis thaliana)",,,,,,,,,no_hit_found
Q93NG3,europepmc,,,"2,6-dihydroxypyridine 3-monooxygenase (Paenarthrobacter nicotinovorans)",,,,,,,,,no_hit_found
Q94BT6,europepmc,,,Adagio protein 1 (Arabidopsis thaliana),,,,,,,,,no_hit_found
Q94655,europepmc,,,Glutathione reductase (Plasmodium falciparum (isolate K1 / Thailand)),,,,,,,,,no_hit_found
Q945K2,europepmc,,,(R)-mandelonitrile lyase 2 (Prunus dulcis),,,,,,,,,no_hit_found
Q93L51,europepmc,,,Flavin-dependent monooxygenase (Bacteroides thetaiotaomicron),,,,,,,,,no_hit_found
Q92947,europepmc,,,"Glutaryl-CoA dehydrogenase, mitochondrial (Homo sapiens)",,,,,,,,,no_hit_found
Q9AL95,europepmc,,,NADH-rubredoxin oxidoreductase (Clostridium acetobutylicum (strain ATCC 824 / DSM 792 / JCM 1419 / IAM 19013 / LMG 5710 / NBRC 13948 / NRRL B-527 / VKM B-1787 / 2291 / W)),,,,,,,,,no_hit_found
Q96NN9,europepmc,,,Apoptosis-inducing factor 3 (Homo sapiens),,,,,,,,,no_hit_found
Q972D2,europepmc,,,L-aspartate oxidase (Sulfurisphaera tokodaii (strain DSM 16993 / JCM 10545 / NBRC 100140 / 7)),,,,,,,,,no_hit_found
Q91YT0,europepmc,,,"NADH dehydrogenase [ubiquinone] flavoprotein 1, mitochondrial (Mus musculus)",,,,,,,,,no_hit_found
Q9FI21,europepmc,,,Berberine bridge enzyme-like 28 (Arabidopsis thaliana),,,,,,,,,no_hit_found
Q9DCX8,europepmc,,,Iodotyrosine deiodinase 1 (Mus musculus),,,,,,,,,no_hit_found
Q9AGP8,europepmc,,,Dimethylglycine oxidase (Arthrobacter globiformis),,,,,,,,,no_hit_found
Q96CD2,europepmc,,,Phosphopantothenoylcysteine decarboxylase (Homo sapiens),,,,,,,,,no_hit_found
Q9HKS9,europepmc,,,Digeranylgeranylglycerophospholipid reductase (Thermoplasma acidophilum (strain ATCC 25905 / DSM 1728 / JCM 9062 / NBRC 15155 / AMRC-C165)),,,,,,,,,no_hit_found
Q96HE7,europepmc,,,ERO1-like protein alpha (Homo sapiens),,,,,,,,,no_hit_found
Q99MD6,europepmc,,,Thioredoxin reductase 3 (Mus musculus),,,,,,,,,no_hit_found
Q9FUJ1,europepmc,,,Cytokinin dehydrogenase 7 (Arabidopsis thaliana),,,,,,,,,no_hit_found
Q9I4V0,europepmc,,,NADH:quinone reductase (Pseudomonas aeruginosa (strain ATCC 15692 / DSM 22644 / CIP 104116 / JCM 14847 / LMG 12228 / 1C / PRS 101 / PAO1)),,,,,,,,,no_hit_found
Q9I5F3,europepmc,,,FMN-dependent NAD(P)H:quinone oxidoreductase 1 (Pseudomonas aeruginosa (strain ATCC 15692 / DSM 22644 / CIP 104116 / JCM 14847 / LMG 12228 / 1C / PRS 101 / PAO1)),,,,,,,,,no_hit_found
Q9FEW9,europepmc,,,12-oxophytodienoate reductase 3 (Solanum lycopersicum),,,,,,,,,no_hit_found
Q969G6,europepmc,,,Riboflavin kinase (Homo sapiens),,,,,,,,,no_hit_found
Q99489,europepmc,,,D-aspartate oxidase (Homo sapiens),,,,,,,,,no_hit_found
Q9I6N5,europepmc,,,Pyrrole-2-carboxylic acid decarboxylase (Pseudomonas aeruginosa (strain ATCC 15692 / DSM 22644 / CIP 104116 / JCM 14847 / LMG 12228 / 1C / PRS 101 / PAO1)),,,,,,,,,no_hit_found
Q96PH1,europepmc,,,NADPH oxidase 5 (Homo sapiens),,,,,,,,,no_hit_found
Q9HXE3,europepmc,,,FAD-dependent catabolic D-arginine dehydrogenase DauA (Pseudomonas aeruginosa (strain ATCC 15692 / DSM 22644 / CIP 104116 / JCM 14847 / LMG 12228 / 1C / PRS 101 / PAO1)),,,,,,,,,no_hit_found
Q9I509,europepmc,,,NAD(P)H dehydrogenase (quinone) (Pseudomonas aeruginosa (strain ATCC 15692 / DSM 22644 / CIP 104116 / JCM 14847 / LMG 12228 / 1C / PRS 101 / PAO1)),,,,,,,,,no_hit_found
Q9JLT4,europepmc,,,"Thioredoxin reductase 2, mitochondrial (Mus musculus)",,,,,,,,,no_hit_found
Q99LC3,europepmc,,,"NADH dehydrogenase [ubiquinone] 1 alpha subcomplex subunit 10, mitochondrial (Mus musculus)",,,,,,,,,no_hit_found
Q96524,europepmc,,,Cryptochrome-2 (Arabidopsis thaliana),,,,,,,,,no_hit_found
Q9UHB4,uniprot,,,NADPH-dependent diflavin oxidoreductase 1 (Homo sapiens),-365.000,-365 +/- 15 mV,mV,,,,https://www.uniprot.org/uniprotkb/Q9UHB4/entry,UniProt redox potential annotation near: -365 +/- 15 mV,hit
Q9UHB4,uniprot,,,NADPH-dependent diflavin oxidoreductase 1 (Homo sapiens),-315.000,-315 +/- 5 mV,mV,,,,https://www.uniprot.org/uniprotkb/Q9UHB4/entry,UniProt redox potential annotation near: -315 +/- 5 mV,hit
Q9NX74,europepmc,,,tRNA-dihydrouridine(20) synthase [NAD(P)+]-like (Homo sapiens),,,,,,,,,no_hit_found
Q9H845,europepmc,,,"Complex I assembly factor ACAD9, mitochondrial (Homo sapiens)",,,,,,,,,no_hit_found
Q9BRQ8,europepmc,,,Ferroptosis suppressor protein 1 (Homo sapiens),,,,,,,,,no_hit_found
Q9S3V1,europepmc,,,Flavin-dependent L-tryptophan oxidase VioA (Chromobacterium violaceum (strain ATCC 12472 / DSM 30191 / JCM 1249 / CCUG 213 / NBRC 12614 / NCIMB 9131 / NCTC 9757 / MK)),,,,,,,,,no_hit_found
Q9FUP0,europepmc,,,12-oxophytodienoate reductase 3 (Arabidopsis thaliana),,,,,,,,,no_hit_found
Q9S4M7,europepmc,,,Phenolic acid decarboxylase (Sedimentibacter hydroxybenzoicus),,,,,,,,,no_hit_found
Q9T0N8,europepmc,,,Cytokinin dehydrogenase 1 (Zea mays),,,,,,,,,no_hit_found
Q9SUM3,europepmc,,,NADPH--cytochrome P450 reductase 2 (Arabidopsis thaliana),,,,,,,,,no_hit_found
Q9L6V3,europepmc,,,Flavodoxin/ferredoxin--NADP reductase (Rhodobacter capsulatus),,,,,,,,,no_hit_found
Q9WYT0,europepmc,,,Flavin-dependent thymidylate synthase (Thermotoga maritima (strain ATCC 43589 / DSM 3109 / JCM 10099 / NBRC 100826 / MSB8)),,,,,,,,,no_hit_found
Q9SWE5,europepmc,,,Phosphopantothenoylcysteine decarboxylase (Arabidopsis thaliana),,,,,,,,,no_hit_found
Q9XWZ2,europepmc,,,Acyl-CoA dehydrogenase family member 11 (Caenorhabditis elegans),,,,,,,,,no_hit_found
Q9NWM0,europepmc,,,Spermine oxidase (Homo sapiens),,,,,,,,,no_hit_found
Q9UHE8,europepmc,,,STEAP1 protein (Homo sapiens),,,,,,,,,no_hit_found
Q9WZP2,europepmc,,,Type 1 encapsulin shell protein (Thermotoga maritima (strain ATCC 43589 / DSM 3109 / JCM 10099 / NBRC 100826 / MSB8)),,,,,,,,,no_hit_found
Q9UKU7,europepmc,,,"Isobutyryl-CoA dehydrogenase, mitochondrial (Homo sapiens)",,,,,,,,,no_hit_found
Q9UBK8,europepmc,,,Methionine synthase reductase (Homo sapiens),,,,,,,,,no_hit_found
Q9NRD9,europepmc,,,Dual oxidase 1 (Homo sapiens),,,,,,,,,no_hit_found
Q9R194,europepmc,,,Cryptochrome-2 (Mus musculus),,,,,,,,,no_hit_found
Q9NVS9,europepmc,,,Pyridoxine-5'-phosphate oxidase (Homo sapiens),,,,,,,,,no_hit_found
Q9UI17,europepmc,,,"Dimethylglycine dehydrogenase, mitochondrial (Homo sapiens)",,,,,,,,,no_hit_found
Q9ZBU1,europepmc,,,Alditol oxidase (Streptomyces coelicolor (strain ATCC BAA-471 / A3(2) / M145)),,,,,,,,,no_hit_found
Q9XG54,europepmc,,,12-oxophytodienoate reductase 1 (Solanum lycopersicum),,,,,,,,,no_hit_found
A3RXB7,europepmc,,,N-acetyl-D-hexosamine oxidase (Ralstonia solanacearum (strain UW551)),,,,,,,,,no_hit_found
Q9Z4P0,europepmc,,,Probable fumarate reductase Ifc3 (Shewanella frigidimarina (strain NCIMB 400)),,,,,,,,,no_hit_found
S4S6Z0,europepmc,,,L-amino-acid oxidase 4 (Hebeloma cylindrosporum),,,,,,,,,no_hit_found
Q9UJM8,europepmc,,,2-Hydroxyacid oxidase 1 (Homo sapiens),,,,,,,,,no_hit_found
A1A9Q9,europepmc,,,NAD(P)H dehydrogenase (quinone) (Escherichia coli O1:K1 / APEC),,,,,,,,,no_hit_found
B2AM55,europepmc,,,Nitroalkane oxidase (Podospora anserina (strain S / ATCC MYA-4624 / DSM 980 / FGSC 10383)),,,,,,,,,no_hit_found
Q9Y4U1,europepmc,,,Cyanocobalamin reductase / alkylcobalamin dealkylase (Homo sapiens),,,,,,,,,no_hit_found
T2G6Z9,europepmc,,,Adenylylsulfate reductase subunit alpha (Megalodesulfovibrio gigas (strain ATCC 19364 / DSM 1382 / NCIMB 9332 / VKM B-1759)),,,,,,,,,no_hit_found
Q9Z0X1,europepmc,,,"Apoptosis-inducing factor 1, mitochondrial (Mus musculus)",,,,,,,,,no_hit_found
A0A0M2HFA3,europepmc,,,C-glycoside 3-oxidase (Microbacterium trichothecenolyticum),,,,,,,,,no_hit_found
A5W4E9,europepmc,,,"Toluene 1,2-dioxygenase system ferredoxin--NAD(+) reductase component (Pseudomonas putida (strain ATCC 700007 / DSM 6899 / JCM 31910 / BCRC 17059 / LMG 24140 / F1))",,,,,,,,,no_hit_found
Q9Y6N5,europepmc,,,"Sulfide:quinone oxidoreductase, mitochondrial (Homo sapiens)",,,,,,,,,no_hit_found
A0A1E7MYN1,europepmc,,,Tetracycline 7-halogenase (Kitasatospora aureofaciens),,,,,,,,,no_hit_found
A5F5Y7,europepmc,,,Na(+)-translocating NADH-quinone reductase subunit C (Vibrio cholerae serotype O1 (strain ATCC 39541 / Classical Ogawa 395 / O395)),,,,,,,,,no_hit_found
A3SLM3,europepmc,,,Trimethylamine monooxygenase (Roseovarius nubinhibens (strain ATCC BAA-591 / DSM 15170 / ISM)),,,,,,,,,no_hit_found
B0R5M0,europepmc,,,Dodecin (Halobacterium salinarum (strain ATCC 29341 / DSM 671 / R1)),,,,,,,,,no_hit_found
Q9YHT1,europepmc,,,"Succinate dehydrogenase [ubiquinone] flavoprotein subunit, mitochondrial (Gallus gallus)",,,,,,,,,no_hit_found
C4RPA1,europepmc,,,L-evernosamine nitrososynthase (Micromonospora sp. (strain ATCC 39149 / NRRL 15099 / SCC 1413)),,,,,,,,,no_hit_found
B1PUC6,europepmc,,,Aminoacetone oxidase (Streptococcus cristatus),,,,,,,,,no_hit_found
B8G5D6,europepmc,,,NADPH dehydrogenase (Chloroflexus aggregans (strain MD-66 / DSM 9485)),,,,,,,,,no_hit_found
Q9Z0J4,europepmc,,,Nitric oxide synthase 1 (Mus musculus),,,,,,,,,no_hit_found
B9WJ66,europepmc,,,Ferulic acid decarboxylase 1 (Candida dubliniensis (strain CD36 / ATCC MYA-646 / CBS 7987 / NCPF 3949 / NRRL Y-17841)),,,,,,,,,no_hit_found
A8QL58,europepmc,,,L-amino-acid oxidase (Naja atra),,,,,,,,,no_hit_found
H6LBS1,europepmc,,,"Lactate dehydrogenase (NAD(+),ferredoxin) subunit LctD (Acetobacterium woodii (strain ATCC 29683 / DSM 1030 / JCM 2381 / KCTC 1655 / WB1))",,,,,,,,,no_hit_found
D3HKY4,europepmc,,,Flavin-dependent monooxygenase (Legionella longbeachae serogroup 1 (strain NSW150)),,,,,,,,,no_hit_found
H6LBB0,europepmc,,,"Lactate dehydrogenase (NAD(+),ferredoxin) subunit LctB (Acetobacterium woodii (strain ATCC 29683 / DSM 1030 / JCM 2381 / KCTC 1655 / WB1))",,,,,,,,,no_hit_found
H6LGM7,europepmc,,,Caffeyl-CoA reductase-Etf complex subunit CarD (Acetobacterium woodii (strain ATCC 29683 / DSM 1030 / JCM 2381 / KCTC 1655 / WB1)),,,,,,,,,no_hit_found
E9JFX9,europepmc,,,Dimethyl-sulfide monooxygenase (Hyphomicrobium sulfonivorans),,,,,,,,,no_hit_found
F4KU78,europepmc,,,Iodotyrosine deiodinase (Haliscomenobacter hydrossis (strain ATCC 27775 / DSM 1100 / LMG 10767 / O)),,,,,,,,,no_hit_found
C4TP09,europepmc,,,4-hydroxybenzoate 3-monooxygenase (NAD(P)H) (Paenibacillus sp),,,,,,,,,no_hit_found
H6LGM6,europepmc,,,Caffeyl-CoA reductase-Etf complex subunit CarC (Acetobacterium woodii (strain ATCC 29683 / DSM 1030 / JCM 2381 / KCTC 1655 / WB1)),,,,,,,,,no_hit_found
P00324,uniprot,,,Flavodoxin 2 (Azotobacter vinelandii),-493.000,-493 mV,mV,,,,https://www.uniprot.org/uniprotkb/P00324/entry,UniProt redox potential annotation near: -493 mV,hit
D7UER1,europepmc,,,"3,6-diketocamphane 1,6-monooxygenase (Pseudomonas putida)",,,,,,,,,no_hit_found
F2QY27,europepmc,,,Alcohol oxidase 1 (Komagataella phaffii (strain ATCC 76273 / CBS 7435 / CECT 11047 / NRRL Y-11430 / Wegner 21-1)),,,,,,,,,no_hit_found
H6LGM8,europepmc,,,Caffeyl-CoA reductase-Etf complex subunit CarE (Acetobacterium woodii (strain ATCC 29683 / DSM 1030 / JCM 2381 / KCTC 1655 / WB1)),,,,,,,,,no_hit_found
L7WC64,europepmc,,,"1-hydroxycarotenoid 3,4-desaturase (Nonlabens dokdonensis (strain DSM 17205 / KCTC 12402 / DSW-6))",,,,,,,,,no_hit_found
L8EUQ6,europepmc,,,12-dehydrotetracycline 5-monooxygenase/anhydrotetracycline 6-monooxygenase (Streptomyces rimosus subsp. rimosus (strain ATCC 10970 / DSM 40260 / JCM 4667 / NRRL 2234)),,,,,,,,,no_hit_found
O74936,europepmc,,,Acyl-coenzyme A oxidase 3 (Yarrowia lipolytica (strain CLIB 122 / E 150)),,,,,,,,,no_hit_found
I1S2K2,europepmc,,,Chitooligosaccharide oxidase (Gibberella zeae (strain ATCC MYA-4620 / CBS 123657 / FGSC 9075 / NRRL 31084 / PH-1)),,,,,,,,,no_hit_found
O34974,europepmc,,,N-acetyl-S-alkylcysteine sulfoxide monooxygenase (Bacillus subtilis (strain 168)),,,,,,,,,no_hit_found
C5YJG8,europepmc,,,NADPH--cytochrome P450 reductase (Sorghum bicolor),,,,,,,,,no_hit_found
O87009,europepmc,,,FADH(2)-dependent monooxygenase TftD (Burkholderia cepacia),,,,,,,,,no_hit_found
P07771,europepmc,,,"Benzoate 1,2-dioxygenase electron transfer component (Acinetobacter baylyi (strain ATCC 33305 / BD413 / ADP1))",,,,,,,,,no_hit_found
O52682,europepmc,,,Bifurcating [FeFe] hydrogenase beta subunit (Thermotoga maritima (strain ATCC 43589 / DSM 3109 / JCM 10099 / NBRC 100826 / MSB8)),,,,,,,,,no_hit_found
O83774,europepmc,,,FAD:protein FMN transferase (Treponema pallidum (strain Nichols)),,,,,,,,,no_hit_found
O33820,europepmc,,,4-hydroxybenzoyl-CoA reductase subunit beta (Thauera aromatica),,,,,,,,,no_hit_found
O07529,europepmc,,,FMN-dependent NADPH-azoreductase (Bacillus subtilis (strain 168)),,,,,,,,,no_hit_found
P0DPQ8,europepmc,,,"Aromatic O-demethylase, reductase subunit (Amycolatopsis sp. (strain ATCC 39116 / 75iv2))",,,,,,,,,no_hit_found
O34627,europepmc,,,Blue-light photoreceptor (Bacillus subtilis (strain 168)),,,,,,,,,no_hit_found
P0DX42,europepmc,,,CLA biosynthesis enone reductase (Lactiplantibacillus plantarum),,,,,,,,,no_hit_found
P0CH62,europepmc,,,"Cyclohexane-1,2-dione hydrolase (Azoarcus sp)",,,,,,,,,no_hit_found
P0DXB2,europepmc,,,Putrescine N-hydroxylase (Acinetobacter baumannii (strain ATCC 17978 / DSM 105126 / CIP 53.77 / LMG 1025 / NCDC KC755 / 5377)),,,,,,,,,no_hit_found
P0A2Y6,europepmc,,,Chorismate synthase (Streptococcus pneumoniae serotype 4 (strain ATCC BAA-334 / TIGR4)),,,,,,,,,no_hit_found
P03817,europepmc,,,Protein MioC (Escherichia coli (strain K12)),,,,,,,,,no_hit_found
P16641,europepmc,,,Taurocyamine kinase (Schistosoma mansoni),,,,,,,,,no_hit_found
P09788,europepmc,,,4-cresol dehydrogenase [hydroxylating] flavoprotein subunit (Pseudomonas putida),,,,,,,,,no_hit_found
P0ABT5,europepmc,,,tRNA-dihydrouridine synthase B (Escherichia coli (strain K12)),,,,,,,,,no_hit_found
P21685,europepmc,,,Phytoene desaturase (lycopene-forming) (Pantoea ananas),,,,,,,,,no_hit_found
P21795,europepmc,,,L-lactate 2-monooxygenase (Mycolicibacterium smegmatis),,,,,,,,,no_hit_found
P0AB85,europepmc,,,FAD:protein FMN transferase (Escherichia coli (strain K12)),,,,,,,,,no_hit_found
P21890,europepmc,,,Ferredoxin--NADP reductase (Nostoc sp. (strain ATCC 29151 / PCC 7119)),,,,,,,,,no_hit_found
P06617,europepmc,,,Tryptophan 2-monooxygenase (Pseudomonas savastanoi),,,,,,,,,no_hit_found
P22868,europepmc,,,Methane monooxygenase component C (Methylococcus capsulatus (strain ATCC 33009 / NCIMB 11132 / Bath)),,,,,,,,,no_hit_found
P09063,europepmc,,,Dihydrolipoyl dehydrogenase (Pseudomonas putida),,,,,,,,,no_hit_found
P19480,europepmc,,,Alkyl hydroperoxide reductase subunit F (Salmonella typhimurium (strain LT2 / SGSC1412 / ATCC 700720)),,,,,,,,,no_hit_found
P16099,europepmc,,,Trimethylamine dehydrogenase (Methylophilus methylotrophus),,,,,,,,,no_hit_found
P16640,europepmc,,,Putidaredoxin reductase CamA (Pseudomonas putida),,,,,,,,,no_hit_found
P37063,europepmc,,,Pyruvate oxidase (Lactiplantibacillus plantarum (strain ATCC BAA-793 / NCIMB 8826 / WCFS1)),,,,,,,,,no_hit_found
P11959,europepmc,,,Dihydrolipoyl dehydrogenase (Geobacillus stearothermophilus),,,,,,,,,no_hit_found
P37062,europepmc,,,NADH peroxidase (Enterococcus faecalis (strain ATCC 700802 / V583)),,,,,,,,,no_hit_found
P33164,europepmc,,,Phthalate dioxygenase reductase (Burkholderia cepacia),,,,,,,,,no_hit_found
P34943,europepmc,,,"NADH dehydrogenase [ubiquinone] 1 alpha subcomplex subunit 9, mitochondrial (Bos taurus)",,,,,,,,,no_hit_found
P41780,europepmc,,,FAD:protein FMN transferase (Salmonella typhimurium (strain LT2 / SGSC1412 / ATCC 700720)),,,,,,,,,no_hit_found
P49050,europepmc,,,Nitrate reductase [NADPH] (Pichia angusta),,,,,,,,,no_hit_found
P50264,europepmc,,,Polyamine oxidase FMS1 (Saccharomyces cerevisiae (strain ATCC 204508 / S288c)),,,,,,,,,no_hit_found
P55038,europepmc,,,Ferredoxin-dependent glutamate synthase 2 (Synechocystis sp. (strain ATCC 27184 / PCC 6803 / Kazusa)),,,,,,,,,no_hit_found
P55792,europepmc,,,4-hydroxybutyryl-CoA dehydratase/vinylacetyl-CoA-Delta-isomerase (Clostridium aminobutyricum),,,,,,,,,no_hit_found
P39051,europepmc,,,Trypanothione reductase (Trypanosoma brucei brucei),,,,,,,,,no_hit_found
P46151,europepmc,,,Methylenetetrahydrofolate reductase 1 (Saccharomyces cerevisiae (strain ATCC 204508 / S288c)),,,,,,,,,no_hit_found
P39812,europepmc,,,Glutamate synthase [NADPH] large chain (Bacillus subtilis (strain 168)),,,,,,,,,no_hit_found
P34942,europepmc,,,"NADH dehydrogenase [ubiquinone] 1 alpha subcomplex subunit 10, mitochondrial (Bos taurus)",,,,,,,,,no_hit_found
P56968,europepmc,,,"Dihydroorotate dehydrogenase B (NAD(+)), electron transfer subunit (Lactococcus lactis subsp. cremoris (strain MG1363))",,,,,,,,,no_hit_found
P69772,europepmc,,,Probable UbiX-like flavin prenyltransferase (Escherichia coli O157:H7),,,,,,,,,no_hit_found
P63462,europepmc,,,FMN-dependent NADH:quinone oxidoreductase (Salmonella typhimurium (strain LT2 / SGSC1412 / ATCC 700720)),,,,,,,,,no_hit_found
P50466,europepmc,,,Aerotaxis receptor (Escherichia coli (strain K12)),,,,,,,,,no_hit_found
Q39QF5,europepmc,,,Cyclohex-1-ene-1-carbonyl-CoA dehydrogenase (Geobacter metallireducens (strain ATCC 53774 / DSM 7210 / GS-15)),,,,,,,,,no_hit_found
P50740,europepmc,,,Isopentenyl-diphosphate delta-isomerase (Bacillus subtilis (strain 168)),,,,,,,,,no_hit_found
Q03304,europepmc,,,"Toluene-4-monooxygenase system, ferredoxin--NAD(+) reductase component (Ectopseudomonas mendocina)",,,,,,,,,no_hit_found
P53571,europepmc,,,Electron transfer flavoprotein subunit alpha (Methylophilus methylotrophus),,,,,,,,,no_hit_found
P80644,europepmc,,,FMN reductase (NADPH) (Escherichia coli (strain K12)),,,,,,,,,no_hit_found
Q06530,europepmc,,,Sulfide dehydrogenase [flavocytochrome c] flavoprotein chain (Allochromatium vinosum (strain ATCC 17899 / DSM 180 / NBRC 103801 / NCIMB 10441 / D)),,,,,,,,,no_hit_found
P56122,europepmc,,,Chorismate synthase (Helicobacter pylori (strain ATCC 700392 / 26695)),,,,,,,,,no_hit_found
Q396C5,europepmc,,,Dihydrophenazinedicarboxylate synthase (Burkholderia lata (strain ATCC 17760 / DSM 23089 / LMG 22485 / NCIMB 9086 / R18194 / 383)),,,,,,,,,no_hit_found
P9WIJ1,europepmc,,,Pyridoxine 5'-phosphate oxidase (Mycobacterium tuberculosis (strain ATCC 25618 / H37Rv)),,,,,,,,,no_hit_found
P56601,europepmc,,,Protoporphyrinogen oxidase (Myxococcus xanthus),,,,,,,,,no_hit_found
P81445,europepmc,,,Copper-containing nitrite reductase (Alcaligenes xylosoxydans xylosoxydans),,,,,,,,,no_hit_found
Q0QLF4,europepmc,,,Nicotinate dehydrogenase FAD-subunit (Eubacterium barkeri),,,,,,,,,no_hit_found
Q06319,europepmc,,,"Acyl-CoA dehydrogenase, short-chain specific (Megasphaera elsdenii)",,,,,,,,,no_hit_found
Q5SJP7,europepmc,,,"4-hydroxyphenylacetate 3-monooxygenase, reductase component (Thermus thermophilus (strain ATCC 27634 / DSM 579 / HB8))",,,,,,,,,no_hit_found
Q48MT7,europepmc,,,Renalase (Pseudomonas savastanoi pv. phaseolicola (strain 1448A / Race 6)),,,,,,,,,no_hit_found
Q5BEJ7,europepmc,,,FAD-dependent monooxygenase afoD (Emericella nidulans (strain FGSC A4 / ATCC 38163 / CBS 112.46 / NRRL 194 / M139)),,,,,,,,,no_hit_found
Q4WAZ0,europepmc,,,Dual-functional monooxygenase/methyltransferase psoF (Aspergillus fumigatus (strain ATCC MYA-4609 / CBS 101355 / FGSC A1100 / Af293)),,,,,,,,,no_hit_found
P61949,europepmc,,,Flavodoxin 1 (Escherichia coli (strain K12)),,,,,,,,,no_hit_found
Q4KCZ0,europepmc,,,1H-pyrrole-2-carbonyl-[peptidyl-carrier protein] chlorinase (Pseudomonas fluorescens (strain ATCC BAA-477 / NRRL B-23932 / Pf-5)),,,,,,,,,no_hit_found
Q6Q271,uniprot,,,"p-hydroxyphenylacetate 3-hydroxylase, reductase component (Acinetobacter baumannii)",-245.000,-245 mV,mV,,,,https://www.uniprot.org/uniprotkb/Q6Q271/entry,UniProt redox potential annotation near: -245 mV,hit
Q6Q271,uniprot,,,"p-hydroxyphenylacetate 3-hydroxylase, reductase component (Acinetobacter baumannii)",-236.000,-236 mV,mV,,,,https://www.uniprot.org/uniprotkb/Q6Q271/entry,UniProt redox potential annotation near: -236 mV,hit
Q5SJP8,europepmc,,,4-hydroxyphenylacetate 3-monooxygenase oxygenase component (Thermus thermophilus (strain ATCC 27634 / DSM 579 / HB8)),,,,,,,,,no_hit_found
Q471I2,europepmc,,,"2,4,6-trichlorophenol monooxygenase (Cupriavidus pinatubonensis (strain JMP 134 / LMG 1197))",,,,,,,,,no_hit_found
Q4WZ70,europepmc,,,Chanoclavine-I aldehyde reductase easA (Aspergillus fumigatus (strain ATCC MYA-4609 / CBS 101355 / FGSC A1100 / Af293)),,,,,,,,,no_hit_found
Q81BF4,europepmc,,,Bifunctional cytochrome P450/NADPH--P450 reductase (Bacillus cereus (strain ATCC 14579 / DSM 31 / CCUG 7414 / JCM 2152 / NBRC 15305 / NCIMB 9373 / NCTC 2599 / NRRL B-3711)),,,,,,,,,no_hit_found
Q65163,europepmc,,,FAD-linked sulfhydryl oxidase (African swine fever virus (strain Badajoz 1971 Vero-adapted)),,,,,,,,,no_hit_found
Q5W271,europepmc,,,L-prolyl-[peptidyl-carrier protein] dehydrogenase (Serratia sp. (strain ATCC 39006)),,,,,,,,,no_hit_found
P61431,europepmc,,,UDP-N-acetylenolpyruvoylglucosamine reductase (Staphylococcus aureus),,,,,,,,,no_hit_found
Q60049,europepmc,,,NADH dehydrogenase (Thermus thermophilus (strain ATCC 27634 / DSM 579 / HB8)),,,,,,,,,no_hit_found
Q5YTV5,europepmc,,,Rifampicin monooxygenase (Nocardia farcinica (strain IFM 10152)),,,,,,,,,no_hit_found
Q8GAJ0,europepmc,,,4-methylaminobutanoate oxidase (methylamine-forming) (Paenarthrobacter nicotinovorans),,,,,,,,,no_hit_found
Q48485,europepmc,,,UDP-galactopyranose mutase (Klebsiella pneumoniae),,,,,,,,,no_hit_found
Q8YC53,europepmc,,,Blue-light-activated histidine kinase (Brucella melitensis biotype 1 (strain ATCC 23456 / CCUG 17765 / NCTC 10094 / 16M)),,,,,,,,,no_hit_found
Q51793,europepmc,,,Dihydrophenazinedicarboxylate synthase (Pseudomonas fluorescens),,,,,,,,,no_hit_found
Q56222,europepmc,,,NADH-quinone oxidoreductase subunit 1 (Thermus thermophilus (strain ATCC 27634 / DSM 579 / HB8)),,,,,,,,,no_hit_found
Q5XC60,europepmc,,,NADH oxidase (Streptococcus pyogenes serotype M6 (strain ATCC BAA-946 / MGAS10394)),,,,,,,,,no_hit_found
Q7TNG8,europepmc,,,"Probable D-lactate dehydrogenase, mitochondrial (Mus musculus)",,,,,,,,,no_hit_found
Q55318,europepmc,,,Ferredoxin--NADP reductase (Synechocystis sp. (strain ATCC 27184 / PCC 6803 / Kazusa)),,,,,,,,,no_hit_found
Q59263,europepmc,,,Bifunctional riboflavin kinase/FMN adenylyltransferase (Corynebacterium ammoniagenes),,,,,,,,,no_hit_found
Q8CVD0,europepmc,,,Urocanate reductase (Shewanella oneidensis (strain ATCC 700550 / JCM 31522 / CIP 106686 / LMG 19005 / NCIMB 14063 / MR-1)),,,,,,,,,no_hit_found
Q44532,europepmc,,,Ferredoxin--NADP reductase (Azotobacter vinelandii),,,,,,,,,no_hit_found
Q9HUH4,europepmc,,,Probable FAD-dependent oxidoreductase PA4991 (Pseudomonas aeruginosa (strain ATCC 15692 / DSM 22644 / CIP 104116 / JCM 14847 / LMG 12228 / 1C / PRS 101 / PAO1)),,,,,,,,,no_hit_found
Q7UC03,europepmc,,,NADPH-dependent FMN reductase ArsH (Shigella flexneri),,,,,,,,,no_hit_found
Q8GME2,europepmc,,,NADH-dependent FAD reductase (Streptomyces globisporus),,,,,,,,,no_hit_found
Q8GMG6,europepmc,,,(3S)-3-amino-3-(3-chloro-4-hydroxyphenyl)propanoyl-[peptidyl-carrier protein SgcC2] monooxygenase (Streptomyces globisporus),,,,,,,,,no_hit_found
Q9D7B1,europepmc,,,tRNA-dihydrouridine(20) synthase [NAD(P)+]-like (Mus musculus),,,,,,,,,no_hit_found
Q9I4D4,europepmc,,,NAD(P)H-dependent FMN reductase PA1204 (Pseudomonas aeruginosa (strain ATCC 15692 / DSM 22644 / CIP 104116 / JCM 14847 / LMG 12228 / 1C / PRS 101 / PAO1)),,,,,,,,,no_hit_found
Q8KHZ8,europepmc,,,Tryptophan 7-halogenase RebH (Lentzea aerocolonigenes),,,,,,,,,no_hit_found
Q8GED9,europepmc,,,Albonoursin synthase (Streptomyces noursei),,,,,,,,,no_hit_found
Q9FNN5,europepmc,,,"NADH dehydrogenase [ubiquinone] flavoprotein 1, mitochondrial (Arabidopsis thaliana)",,,,,,,,,no_hit_found
Q92R45,europepmc,,,NADPH-dependent FMN reductase ArsH (Rhizobium meliloti (strain 1021)),,,,,,,,,no_hit_found
Q9F0J6,europepmc,,,Rubredoxin-oxygen oxidoreductase (Megalodesulfovibrio gigas (strain ATCC 19364 / DSM 1382 / NCIMB 9332 / VKM B-1759)),,,,,,,,,no_hit_found
Q9HTK9,europepmc,,,Rubredoxin-NAD(+) reductase (Pseudomonas aeruginosa (strain ATCC 15692 / DSM 22644 / CIP 104116 / JCM 14847 / LMG 12228 / 1C / PRS 101 / PAO1)),,,,,,,,,no_hit_found
Q9HWH9,europepmc,,,Nitronate monooxygenase (Pseudomonas aeruginosa (strain ATCC 15692 / DSM 22644 / CIP 104116 / JCM 14847 / LMG 12228 / 1C / PRS 101 / PAO1)),,,,,,,,,no_hit_found
Q9HWG9,europepmc,,,5-methylphenazine-1-carboxylate 1-monooxygenase (Pseudomonas aeruginosa (strain ATCC 15692 / DSM 22644 / CIP 104116 / JCM 14847 / LMG 12228 / 1C / PRS 101 / PAO1)),,,,,,,,,no_hit_found
Q9RC23,europepmc,,,Mersacidin decarboxylase (Bacillus sp. (strain HIL-Y85/54728)),,,,,,,,,no_hit_found
Q8ZE60,europepmc,,,FMN-dependent NADH:quinone oxidoreductase (Yersinia pestis),,,,,,,,,no_hit_found
Q9RQJ2,europepmc,,,Peptidylarginine deiminase (Porphyromonas gingivalis (strain ATCC BAA-308 / W83)),,,,,,,,,no_hit_found
Q9FDN7,europepmc,,,Nitric oxide reductase (Moorella thermoacetica (strain ATCC 39073 / JCM 9320)),,,,,,,,,no_hit_found
Q9RW55,europepmc,,,Proline dehydrogenase (Deinococcus radiodurans (strain ATCC 13939 / DSM 20539 / JCM 16871 / CCUG 27074 / LMG 4051 / NBRC 15346 / NCIMB 9279 / VKM B-1422 / R1)),,,,,,,,,no_hit_found
A0A0B5RNJ4,europepmc,,,Trimethylamine monooxygenase (Myroides profundi),,,,,,,,,no_hit_found
Q9I3D1,europepmc,,,Dihydrolipoyl dehydrogenase (Pseudomonas aeruginosa (strain ATCC 15692 / DSM 22644 / CIP 104116 / JCM 14847 / LMG 12228 / 1C / PRS 101 / PAO1)),,,,,,,,,no_hit_found
Q9RYU4,europepmc,,,NAD(P)H dehydrogenase (quinone) (Deinococcus radiodurans (strain ATCC 13939 / DSM 20539 / JCM 16871 / CCUG 27074 / LMG 4051 / NBRC 15346 / NCIMB 9279 / VKM B-1422 / R1)),,,,,,,,,no_hit_found
A1WUH0,europepmc,,,Dodecin (Halorhodospira halophila (strain DSM 244 / SL1)),,,,,,,,,no_hit_found
Q9HYK7,europepmc,,,Ferredoxin--NADP reductase (Pseudomonas aeruginosa (strain ATCC 15692 / DSM 22644 / CIP 104116 / JCM 14847 / LMG 12228 / 1C / PRS 101 / PAO1)),,,,,,,,,no_hit_found
Q9X4Q8,europepmc,,,Na(+)-translocating NADH-quinone reductase subunit F (Vibrio cholerae serotype O1 (strain ATCC 39315 / El Tor Inaba N16961)),,,,,,,,,no_hit_found
Q9KMY3,europepmc,,,Flavohemoprotein (Vibrio cholerae serotype O1 (strain ATCC 39315 / El Tor Inaba N16961)),,,,,,,,,no_hit_found
A0A0R4I990,europepmc,,,Amino sugar nitrososynthase DnmZ (Streptomyces peucetius),,,,,,,,,no_hit_found
A7HU16,europepmc,,,Baeyer-Villiger monooxygenase (Parvibaculum lavamentivorans (strain DS-1 / DSM 13023 / NCIMB 13966)),,,,,,,,,no_hit_found
B5M9L6,europepmc,,,Putative epoxidase LasC (Streptomyces lasalocidi),,,,,,,,,no_hit_found
A0QVL2,europepmc,,,Probable malate:quinone oxidoreductase (Mycolicibacterium smegmatis (strain ATCC 700084 / mc(2)155)),,,,,,,,,no_hit_found
Q9DC69,europepmc,,,"NADH dehydrogenase [ubiquinone] 1 alpha subcomplex subunit 9, mitochondrial (Mus musculus)",,,,,,,,,no_hit_found
A0A0H4TXY1,europepmc,,,Flavin-dependent monooxygenase (Unknown prokaryotic organism),,,,,,,,,no_hit_found
A9CEY7,europepmc,,,Sulfoquinovose monooxygenase (Agrobacterium fabrum (strain C58 / ATCC 33970)),,,,,,,,,no_hit_found
B6CDL6,europepmc,,,NADH:FMN oxidoreductase (Mycolicibacterium goodii),,,,,,,,,no_hit_found
B8N8Q9,europepmc,,,NADPH dehydrogenase afvA (Aspergillus flavus (strain ATCC 200026 / FGSC A1120 / IAM 13836 / NRRL 3357 / JCM 12722 / SRRC 167)),,,,,,,,,no_hit_found
A5F5Y3,europepmc,,,FAD:protein FMN transferase (Vibrio cholerae serotype O1 (strain ATCC 39541 / Classical Ogawa 395 / O395)),,,,,,,,,no_hit_found
A6T526,europepmc,,,Na(+)-translocating NADH-quinone reductase subunit F (Klebsiella pneumoniae subsp. pneumoniae (strain ATCC 700721 / MGH 78578)),,,,,,,,,no_hit_found
G2QDQ9,europepmc,,,VAO-type flavoprotein oxidase VAO615 (Thermothelomyces thermophilus (strain ATCC 42464 / BCRC 31852 / DSM 1799)),,,,,,,,,no_hit_found
A5VRH5,europepmc,,,UDP-N-acetylenolpyruvoylglucosamine reductase (Brucella ovis (strain ATCC 25840 / 63/290 / NCTC 10512)),,,,,,,,,no_hit_found
B5Z6I2,europepmc,,,Dihydroorotate dehydrogenase (quinone) (Helicobacter pylori (strain G27)),,,,,,,,,no_hit_found
G2QA95,europepmc,,,Polycyclic ketone monooxygenase (Thermothelomyces thermophilus (strain ATCC 42464 / BCRC 31852 / DSM 1799)),,,,,,,,,no_hit_found
A0A059WYP6,europepmc,,,Flavin-dependent monooxygenase (Unknown prokaryotic organism),,,,,,,,,no_hit_found
C5H881,europepmc,,,Flavin-dependent halogenase radH (Floropilus chiversii),,,,,,,,,no_hit_found
A0A1E3M8P2,europepmc,,,Ferric acinetobactin reductase (Acinetobacter baumannii),,,,,,,,,no_hit_found
B0VDX7,europepmc,,,Chorismate synthase (Acinetobacter baumannii (strain AYE)),,,,,,,,,no_hit_found
H6LC31,europepmc,,,Na(+)-translocating ferredoxin:NAD(+) oxidoreductase complex subunit D (Acetobacterium woodii (strain ATCC 29683 / DSM 1030 / JCM 2381 / KCTC 1655 / WB1)),,,,,,,,,no_hit_found
B7GZW7,europepmc,,,Dihydroorotate dehydrogenase (quinone) (Acinetobacter baumannii (strain AB307-0294)),,,,,,,,,no_hit_found
B2ILS5,europepmc,,,Isopentenyl-diphosphate delta-isomerase (Streptococcus pneumoniae (strain CGSP14)),,,,,,,,,no_hit_found
B7GS97,europepmc,,,Chorismate synthase (Bifidobacterium longum subsp. infantis (strain ATCC 15697 / DSM 20088 / JCM 1222 / NCTC 11817 / S12)),,,,,,,,,no_hit_found
H6LC30,europepmc,,,Na(+)-translocating ferredoxin:NAD(+) oxidoreductase complex subunit G (Acetobacterium woodii (strain ATCC 29683 / DSM 1030 / JCM 2381 / KCTC 1655 / WB1)),,,,,,,,,no_hit_found
B7UV40,europepmc,,,Chorismate synthase (Pseudomonas aeruginosa (strain LESB58)),,,,,,,,,no_hit_found
F2R776,europepmc,,,Rifampicin monooxygenase (Streptomyces venezuelae (strain ATCC 10712 / CBS 650.69 / DSM 40230 / JCM 4526 / NBRC 13096 / PD 04745)),,,,,,,,,no_hit_found
H9N291,europepmc,,,Oxidoreductase NdmD (Pseudomonas putida),,,,,,,,,no_hit_found
O41156,europepmc,,,Probable flavin-dependent thymidylate synthase (Paramecium bursaria Chlorella virus 1),,,,,,,,,no_hit_found
O31475,europepmc,,,Ferredoxin--NADP reductase 1 (Bacillus subtilis (strain 168)),,,,,,,,,no_hit_found
O87681,europepmc,,,6-hydroxypseudooxynicotine dehydrogenase complex subunit alpha (Paenarthrobacter nicotinovorans),,,,,,,,,no_hit_found
O05268,europepmc,,,Ferredoxin--NADP reductase 2 (Bacillus subtilis (strain 168)),,,,,,,,,no_hit_found
G2IQS8,europepmc,,,"5,10-methylenetetrahydrofolate reductase (Sphingobium sp. (strain NBRC 103272 / SYK-6))",,,,,,,,,no_hit_found
O24243,europepmc,,,(R)-mandelonitrile lyase 1 (Prunus dulcis),,,,,,,,,no_hit_found
O66841,europepmc,,,NADH-quinone oxidoreductase subunit F (Aquifex aeolicus (strain VF5)),,,,,,,,,no_hit_found
O66962,europepmc,,,tRNA uridine 5-carboxymethylaminomethyl modification enzyme MnmG (Aquifex aeolicus (strain VF5)),,,,,,,,,no_hit_found
P30663,uniprot,,,Nitrogen fixation regulatory protein (Azotobacter vinelandii),-226.000,-226 mV,mV,,,,https://www.uniprot.org/uniprotkb/P30663/entry,UniProt redox potential annotation near: -226 mV,hit
P0AEY7,europepmc,,,NADPH:quinone oxidoreductase MdaB (Escherichia coli O157:H7),,,,,,,,,no_hit_found
P0ACY1,europepmc,,,Putative NAD(P)H nitroreductase YdjA (Escherichia coli (strain K12)),,,,,,,,,no_hit_found
O66493,europepmc,,,Chorismate synthase (Aquifex aeolicus (strain VF5)),,,,,,,,,no_hit_found
O52792,europepmc,,,4-hydroxymandelate oxidase (Amycolatopsis orientalis),,,,,,,,,no_hit_found
O74934,europepmc,,,Acyl-coenzyme A oxidase 1 (Yarrowia lipolytica (strain CLIB 122 / E 150)),,,,,,,,,no_hit_found
P0C6E0,europepmc,,,Na(+)-translocating NADH-quinone reductase subunit C (Vibrio cholerae serotype O1 (strain ATCC 39315 / El Tor Inaba N16961)),,,,,,,,,no_hit_found
P19920,europepmc,,,Carbon monoxide dehydrogenase medium chain (Afipia carboxidovorans (strain ATCC 49405 / DSM 1227 / KCTC 32145 / OM5)),,,,,,,,,no_hit_found
P19914,europepmc,,,Carbon monoxide dehydrogenase medium chain (Hydrogenophaga pseudoflava),,,,,,,,,no_hit_found
P27696,europepmc,,,"Acetolactate synthase, catabolic (Klebsiella pneumoniae)",,,,,,,,,no_hit_found
P10340,europepmc,,,Flavodoxin (Synechococcus elongatus (strain ATCC 33912 / PCC 7942 / FACHB-805)),,,,,,,,,no_hit_found
P0A3E0,europepmc,,,Flavodoxin (Nostoc sp. (strain ATCC 29151 / PCC 7119)),,,,,,,,,no_hit_found
P23342,europepmc,,,Monomeric sarcosine oxidase (Bacillus sp. (strain NS-129)),,,,,,,,,no_hit_found
P40111,europepmc,,,Flavin-dependent thymidylate synthase (Corynebacterium glutamicum (strain ATCC 13032 / DSM 20300 / JCM 1318 / BCRC 11384 / CCUG 27702 / LMG 3730 / NBRC 12168 / NCIMB 10025 / NRRL B-2784 / 534)),,,,,,,,,no_hit_found
P07740,europepmc,,,Alkanal monooxygenase alpha chain (Vibrio harveyi),,,,,,,,,no_hit_found
P39605,europepmc,,,FMN reductase (NADPH) (Bacillus subtilis (strain 168)),,,,,,,,,no_hit_found
P46072,europepmc,,,Major NAD(P)H-flavin oxidoreductase (Aliivibrio fischeri),,,,,,,,,no_hit_found
P31973,europepmc,,,Ferredoxin--NADP reductase (Picosynechococcus sp. (strain ATCC 27264 / PCC 7002 / PR-6)),,,,,,,,,no_hit_found
P38913,europepmc,,,Flavin adenine dinucleotide synthase (Saccharomyces cerevisiae (strain ATCC 204508 / S288c)),,,,,,,,,no_hit_found
P9WQF9,europepmc,,,Acyl-[acyl-carrier-protein] dehydrogenase MbtN (Mycobacterium tuberculosis (strain ATCC 25618 / H37Rv)),,,,,,,,,no_hit_found
P65367,europepmc,,,Flavodoxin YqcA (Escherichia coli (strain K12)),,,,,,,,,no_hit_found
P77967,europepmc,,,Cryptochrome DASH (Synechocystis sp. (strain ATCC 27184 / PCC 6803 / Kazusa)),,,,,,,,,no_hit_found
P43788,europepmc,,,Thioredoxin reductase (Haemophilus influenzae (strain ATCC 51907 / DSM 11121 / KW20 / Rd)),,,,,,,,,no_hit_found
P52967,europepmc,,,Flavodoxin (Rhodobacter capsulatus (strain ATCC BAA-309 / NBRC 16581 / SB1003)),,,,,,,,,no_hit_found
P56431,europepmc,,,Thioredoxin reductase (Helicobacter pylori (strain ATCC 700392 / 26695)),,,,,,,,,no_hit_found
P96692,europepmc,,,Putative NAD(P)H nitroreductase MhqN (Bacillus subtilis (strain 168)),,,,,,,,,no_hit_found
P21578,europepmc,,,Yellow fluorescent protein (Aliivibrio fischeri),,,,,,,,,no_hit_found
Q2NB77,europepmc,,,Blue-light-activated histidine kinase 2 (Erythrobacter litoralis (strain HTCC2594)),,,,,,,,,no_hit_found
P45208,europepmc,,,"5,10-methylenetetrahydrofolate reductase (Haemophilus influenzae (strain ATCC 51907 / DSM 11121 / KW20 / Rd))",,,,,,,,,no_hit_found
Q2NB98,europepmc,,,Light-activated DNA-binding protein EL222 (Erythrobacter litoralis (strain HTCC2594)),,,,,,,,,no_hit_found
P38974,europepmc,,,Electron transfer flavoprotein subunit alpha (Paracoccus denitrificans),,,,,,,,,no_hit_found
P38975,europepmc,,,Electron transfer flavoprotein subunit beta (Paracoccus denitrificans),,,,,,,,,no_hit_found
P9WHL1,europepmc,,,Dihydroorotate dehydrogenase (quinone) (Mycobacterium tuberculosis (strain ATCC 25618 / H37Rv)),,,,,,,,,no_hit_found
Q080S8,europepmc,,,Ferric siderophore reductase (Shewanella frigidimarina (strain NCIMB 400)),,,,,,,,,no_hit_found
Q02PF8,europepmc,,,Na(+)-translocating NADH-quinone reductase subunit F (Pseudomonas aeruginosa (strain UCBPP-PA14)),,,,,,,,,no_hit_found
P23262,europepmc,,,Salicylate hydroxylase (Pseudomonas putida),,,,,,,,,no_hit_found
P9WJL9,europepmc,,,UDP-N-acetylenolpyruvoylglucosamine reductase (Mycobacterium tuberculosis (strain ATCC 25618 / H37Rv)),,,,,,,,,no_hit_found
Q5SID2,europepmc,,,Methylenetetrahydrofolate--tRNA-(uracil-5-)-methyltransferase TrmFO (Thermus thermophilus (strain ATCC 27634 / DSM 579 / HB8)),,,,,,,,,no_hit_found
Q2YKK7,europepmc,,,Blue-light-activated histidine kinase (Brucella abortus (strain 2308)),,,,,,,,,no_hit_found
Q0S811,europepmc,,,"Flavin-dependent monooxygenase, oxygenase subunit HsaA (Rhodococcus jostii (strain RHA1))",,,,,,,,,no_hit_found
Q738X4,europepmc,,,FMN-dependent NADH:quinone oxidoreductase 3 (Bacillus cereus (strain ATCC 10987 / NRS 248)),,,,,,,,,no_hit_found
Q5SL28,europepmc,,,Ferredoxin--NADP reductase (Thermus thermophilus (strain ATCC 27634 / DSM 579 / HB8)),,,,,,,,,no_hit_found
Q2YQ23,europepmc,,,NAD(P)H dehydrogenase (quinone) (Brucella abortus (strain 2308)),,,,,,,,,no_hit_found
Q2FIA5,europepmc,,,Coenzyme A disulfide reductase (Staphylococcus aureus (strain USA300)),,,,,,,,,no_hit_found
Q66BP3,europepmc,,,NAD(P)H dehydrogenase (quinone) (Yersinia pseudotuberculosis serotype I (strain IP32953)),,,,,,,,,no_hit_found
P90597,europepmc,,,Dihydrolipoyl dehydrogenase (Trypanosoma cruzi),,,,,,,,,no_hit_found
Q8A8A4,europepmc,,,Protein ppBat (Bacteroides thetaiotaomicron (strain ATCC 29148 / DSM 2079 / JCM 5827 / CCUG 10774 / NCTC 10582 / VPI-5482 / E50)),,,,,,,,,no_hit_found
Q01234,europepmc,,,Oxygen-insensitive NAD(P)H nitroreductase (Enterobacter cloacae),,,,,,,,,no_hit_found
Q5SIE3,europepmc,,,Dodecin (Thermus thermophilus (strain ATCC 27634 / DSM 579 / HB8)),,,,,,,,,no_hit_found
Q7Z144,europepmc,,,MMACHC-like protein (Caenorhabditis elegans),,,,,,,,,no_hit_found
Q5UPL2,europepmc,,,Putative GMC-type oxidoreductase R135 (Acanthamoeba polyphaga mimivirus),,,,,,,,,no_hit_found
Q53239,europepmc,,,Copper-containing nitrite reductase (Cereibacter sphaeroides (strain ATCC 17025 / ATH 2.4.3)),,,,,,,,,no_hit_found
Q5SJB8,europepmc,,,Flavin-dependent thymidylate synthase (Thermus thermophilus (strain ATCC 27634 / DSM 579 / HB8)),,,,,,,,,no_hit_found
Q57160,europepmc,,,4-hydroxyphenylacetate 3-monooxygenase oxygenase component (Escherichia coli),,,,,,,,,no_hit_found
Q46509,europepmc,,,Aldehyde oxidoreductase (Megalodesulfovibrio gigas),,,,,,,,,no_hit_found
Q5SJC8,europepmc,,,UDP-N-acetylenolpyruvoylglucosamine reductase (Thermus thermophilus (strain ATCC 27634 / DSM 579 / HB8)),,,,,,,,,no_hit_found
Q888A4,europepmc,,,Renalase (Pseudomonas syringae pv. tomato (strain ATCC BAA-871 / DC3000)),,,,,,,,,no_hit_found
Q81JP2,europepmc,,,FMN-dependent NADH:quinone oxidoreductase 4 (Bacillus anthracis),,,,,,,,,no_hit_found
Q65JX9,europepmc,,,UDP-N-acetylenolpyruvoylglucosamine reductase (Bacillus licheniformis (strain ATCC 14580 / DSM 13 / JCM 2505 / CCUG 7422 / NBRC 12200 / NCIMB 9375 / NCTC 10341 / NRRL NRS-1264 / Gibson 46)),,,,,,,,,no_hit_found
Q81UB2,europepmc,,,FMN-dependent NADH:quinone oxidoreductase 1 (Bacillus anthracis),,,,,,,,,no_hit_found
Q88IY3,europepmc,,,FMN-dependent NADH:quinone oxidoreductase 1 (Pseudomonas putida (strain ATCC 47054 / DSM 6125 / CFBP 8728 / NCIMB 11950 / KT2440)),,,,,,,,,no_hit_found
Q8XCQ7,europepmc,,,tRNA 5-methylaminomethyl-2-thiouridine biosynthesis bifunctional protein MnmC (Escherichia coli O157:H7),,,,,,,,,no_hit_found
Q8KA85,europepmc,,,tRNA uridine 5-carboxymethylaminomethyl modification enzyme MnmG (Chlorobaculum tepidum (strain ATCC 49652 / DSM 12025 / NBRC 103806 / TLS)),,,,,,,,,no_hit_found
Q9CFW8,europepmc,,,"Dihydroorotate dehydrogenase B (NAD(+)), catalytic subunit (Lactococcus lactis subsp. lactis (strain IL1403))",,,,,,,,,no_hit_found
Q8ZD36,europepmc,,,tRNA 5-methylaminomethyl-2-thiouridine biosynthesis bifunctional protein MnmC (Yersinia pestis),,,,,,,,,no_hit_found
Q8Y776,europepmc,,,UDP-N-acetylenolpyruvoylglucosamine reductase (Listeria monocytogenes serovar 1/2a (strain ATCC BAA-679 / EGD-e)),,,,,,,,,no_hit_found
Q8ZQ40,europepmc,,,NAD(P)H dehydrogenase (quinone) (Salmonella typhimurium (strain LT2 / SGSC1412 / ATCC 700720)),,,,,,,,,no_hit_found
Q9CFW7,europepmc,,,"Dihydroorotate dehydrogenase B (NAD(+)), electron transfer subunit (Lactococcus lactis subsp. lactis (strain IL1403))",,,,,,,,,no_hit_found
Q56691,europepmc,,,NADPH-flavin oxidoreductase (Vibrio harveyi),,,,,,,,,no_hit_found
Q8DUI9,europepmc,,,Isopentenyl-diphosphate delta-isomerase (Streptococcus mutans serotype c (strain ATCC 700610 / UA159)),,,,,,,,,no_hit_found
Q9HX08,europepmc,,,Flavin prenyltransferase UbiX (Pseudomonas aeruginosa (strain ATCC 15692 / DSM 22644 / CIP 104116 / JCM 14847 / LMG 12228 / 1C / PRS 101 / PAO1)),,,,,,,,,no_hit_found
Q8ZMX9,europepmc,,,L-aspartate oxidase (Salmonella typhimurium (strain LT2 / SGSC1412 / ATCC 700720)),,,,,,,,,no_hit_found
Q9HJA6,europepmc,,,Riboflavin kinase (Thermoplasma acidophilum (strain ATCC 25905 / DSM 1728 / JCM 9062 / NBRC 15155 / AMRC-C165)),,,,,,,,,no_hit_found
Q92Z29,europepmc,,,Copper-containing nitrite reductase (Rhizobium meliloti (strain 1021)),,,,,,,,,no_hit_found
Q9HFE4,europepmc,,,Thiol-specific monooxygenase (Schizosaccharomyces pombe (strain 972 / ATCC 24843)),,,,,,,,,no_hit_found
O26255,europepmc,,,Protein MTH_152 (Methanothermobacter thermautotrophicus (strain ATCC 29096 / DSM 1053 / JCM 10044 / NBRC 100330 / Delta H)),,,,,,,,,no_hit_found
Q979C2,europepmc,,,FAD synthase (Thermoplasma volcanium (strain ATCC 51530 / DSM 4299 / JCM 9571 / NBRC 15438 / GSS1)),,,,,,,,,no_hit_found
Q9S3U8,europepmc,,,Protodeoxyviolaceinate monooxygenase (Chromobacterium violaceum (strain ATCC 12472 / DSM 30191 / JCM 1249 / CCUG 213 / NBRC 12614 / NCIMB 9131 / NCTC 9757 / MK)),,,,,,,,,no_hit_found
Q9SK66,europepmc,,,"NADH dehydrogenase [ubiquinone] 1 alpha subcomplex subunit 9, mitochondrial (Arabidopsis thaliana)",,,,,,,,,no_hit_found
Q8VQF4,europepmc,,,Cindoxin (Citrobacter braakii),,,,,,,,,no_hit_found
Q9KPS2,europepmc,,,Na(+)-translocating NADH-quinone reductase subunit B (Vibrio cholerae serotype O1 (strain ATCC 39315 / El Tor Inaba N16961)),,,,,,,,,no_hit_found
Q9JZQ3,europepmc,,,"5,10-methylenetetrahydrofolate reductase (Neisseria meningitidis serogroup B (strain ATCC BAA-335 / MC58))",,,,,,,,,no_hit_found
O66811,europepmc,,,Flavin prenyltransferase UbiX (Aquifex aeolicus (strain VF5)),,,,,,,,,no_hit_found
Q9HZM7,europepmc,,,UDP-N-acetylenolpyruvoylglucosamine reductase (Pseudomonas aeruginosa (strain ATCC 15692 / DSM 22644 / CIP 104116 / JCM 14847 / LMG 12228 / 1C / PRS 101 / PAO1)),,,,,,,,,no_hit_found
O29054,europepmc,,,Flavin prenyltransferase UbiX (Archaeoglobus fulgidus (strain ATCC 49558 / DSM 4304 / JCM 9628 / NBRC 100126 / VC-16)),,,,,,,,,no_hit_found
Q9KV40,europepmc,,,UDP-N-acetylenolpyruvoylglucosamine reductase (Vibrio cholerae serotype O1 (strain ATCC 39315 / El Tor Inaba N16961)),,,,,,,,,no_hit_found
Q9PM41,europepmc,,,Chorismate synthase (Campylobacter jejuni subsp. jejuni serotype O:2 (strain ATCC 700819 / NCTC 11168)),,,,,,,,,no_hit_found
O84222,europepmc,,,Flavin prenyltransferase UbiX (Chlamydia trachomatis serovar D (strain ATCC VR-885 / DSM 19411 / UW-3/Cx)),,,,,,,,,no_hit_found
P00323,europepmc,,,Flavodoxin (Nitratidesulfovibrio vulgaris (strain ATCC 29579 / DSM 644 / CCUG 34227 / NCIMB 8303 / VKM B-1760 / Hildenborough)),,,,,,,,,no_hit_found
O67866,europepmc,,,Flavodoxin (Aquifex aeolicus (strain VF5)),,,,,,,,,no_hit_found
O25776,europepmc,,,Flavodoxin (Helicobacter pylori (strain ATCC 700392 / 26695)),,,,,,,,,no_hit_found
P80312,uniprot,,,Flavodoxin (Desulfovibrio desulfuricans (strain ATCC 27774 / DSM 6949 / MB)),-410.000,-410 mV,mV,,,,https://www.uniprot.org/uniprotkb/P80312/entry,UniProt redox potential annotation near: -410 mV,hit
P80312,uniprot,,,Flavodoxin (Desulfovibrio desulfuricans (strain ATCC 27774 / DSM 6949 / MB)),-100.000,-100 mV,mV,,,,https://www.uniprot.org/uniprotkb/P80312/entry,UniProt redox potential annotation near: -100 mV,hit
P44941,europepmc,,,Ribosomal RNA dihydrouridine synthase (Haemophilus influenzae (strain ATCC 51907 / DSM 11121 / KW20 / Rd)),,,,,,,,,no_hit_found
P15888,europepmc,,,Oxygen-insensitive NAD(P)H nitroreductase (Salmonella typhimurium (strain LT2 / SGSC1412 / ATCC 700720)),,,,,,,,,no_hit_found
P46882,europepmc,,,Monoamine oxidase N (Aspergillus niger),,,,,,,,,no_hit_found
P00322,europepmc,,,Flavodoxin (Clostridium beijerinckii),,,,,,,,,no_hit_found
P0A3D9,europepmc,,,Flavodoxin (Nostoc sp. (strain PCC 7120 / SAG 25.82 / UTEX 2576)),,,,,,,,,no_hit_found
P09141,europepmc,,,Alkanal monooxygenase beta chain (Photobacterium leiognathi),,,,,,,,,no_hit_found
Q2FVA4,europepmc,,,Putative NAD(P)H nitroreductase SAOUHSC_02829 (Staphylococcus aureus (strain NCTC 8325 / PS 47)),,,,,,,,,no_hit_found
Q46604,uniprot,,,FMN-binding protein (Nitratidesulfovibrio vulgaris (strain DSM 19637 / Miyazaki F)),-325.000,-325 mV,mV,,,,https://www.uniprot.org/uniprotkb/Q46604/entry,UniProt redox potential annotation near: -325 mV,hit
P07739,europepmc,,,Alkanal monooxygenase beta chain (Vibrio harveyi),,,,,,,,,no_hit_found
P96726,europepmc,,,Putative NAD(P)H-dependent FMN-containing oxidoreductase YwqN (Bacillus subtilis (strain 168)),,,,,,,,,no_hit_found
P09142,europepmc,,,Non-fluorescent flavoprotein (Photobacterium leiognathi),,,,,,,,,no_hit_found
P00321,europepmc,,,Flavodoxin (Megasphaera elsdenii),,,,,,,,,no_hit_found
Q57431,europepmc,,,Putative NAD(P)H nitroreductase (Haemophilus influenzae (strain ATCC 51907 / DSM 11121 / KW20 / Rd)),,,,,,,,,no_hit_found
P14070,europepmc,,,Flavodoxin (Chondrus crispus),,,,,,,,,no_hit_found
Q01095,europepmc,,,Flavodoxin (Megalodesulfovibrio gigas (strain ATCC 19364 / DSM 1382 / NCIMB 9332 / VKM B-1759)),,,,,,,,,no_hit_found
P45857,europepmc,,,Acyl-CoA dehydrogenase (Bacillus subtilis (strain 168)),,,,,,,,,no_hit_found
P12745,europepmc,,,Non-fluorescent flavoprotein (Photobacterium phosphoreum),,,,,,,,,no_hit_found
P0ABY4,europepmc,,,Flavodoxin 2 (Escherichia coli (strain K12)),,,,,,,,,no_hit_found
Q99R54,europepmc,,,Putative flavoprotein monooxygenase (Staphylococcus aureus (strain Mu50 / ATCC 700699)),,,,,,,,,no_hit_found
Q92ZM6,europepmc,,,Probable flavin reductase (Rhizobium meliloti (strain 1021)),,,,,,,,,no_hit_found
Q3KC85,europepmc,,,FMNH(2)-dependent dimethylsulfone monooxygenase (Pseudomonas fluorescens (strain Pf0-1)),,,,,,,,,no_hit_found
P26492,europepmc,,,Flavodoxin (Desulfovibrio desulfuricans),,,,,,,,,no_hit_found
Q2FVP8,europepmc,,,Ferredoxin--NADP reductase (Staphylococcus aureus (strain NCTC 8325 / PS 47)),,,,,,,,,no_hit_found
Q12723,europepmc,,,Nitronate monooxygenase (Cyberlindnera mrakii),,,,,,,,,no_hit_found
P66011,europepmc,,,Thioredoxin reductase (Staphylococcus aureus (strain MW2)),,,,,,,,,no_hit_found
Q9X1X4,europepmc,,,"Dihydroorotate dehydrogenase B (NAD(+)), electron transfer subunit homolog (Thermotoga maritima (strain ATCC 43589 / DSM 3109 / JCM 10099 / NBRC 100826 / MSB8))",,,,,,,,,no_hit_found
Q9HYH1,europepmc,,,Uncharacterized protein PA3435 (Pseudomonas aeruginosa (strain ATCC 15692 / DSM 22644 / CIP 104116 / JCM 14847 / LMG 12228 / 1C / PRS 101 / PAO1)),,,,,,,,,no_hit_found
O58586,europepmc,,,Uncharacterized protein PH0856 (Pyrococcus horikoshii (strain ATCC 700860 / DSM 12428 / JCM 9974 / NBRC 100139 / OT-3)),,,,,,,,,no_hit_found
Q2FEC4,europepmc,,,Ferredoxin--NADP reductase (Staphylococcus aureus (strain USA300)),,,,,,,,,no_hit_found
Q88J85,europepmc,,,FMN reductase (NADPH) (Pseudomonas putida (strain ATCC 47054 / DSM 6125 / CFBP 8728 / NCIMB 11950 / KT2440)),,,,,,,,,no_hit_found
Q5UP54,europepmc,,,Probable FAD-linked sulfhydryl oxidase R596 (Acanthamoeba polyphaga mimivirus),,,,,,,,,no_hit_found
Q6N2U4,europepmc,,,Ferredoxin--NADP reductase (Rhodopseudomonas palustris (strain ATCC BAA-98 / CGA009)),,,,,,,,,no_hit_found
S4S3E3,europepmc,,,Flavin reductase (NADH) (Kitasatospora aureofaciens),,,,,,,,,no_hit_found
Q57566,europepmc,,,Flavin prenyltransferase UbiX (Methanocaldococcus jannaschii (strain ATCC 43067 / DSM 2661 / JAL-1 / JCM 10045 / NBRC 100440)),,,,,,,,,no_hit_found
Q8KCB2,europepmc,,,Ferredoxin--NADP reductase (Chlorobaculum tepidum (strain ATCC 49652 / DSM 12025 / NBRC 103806 / TLS)),,,,,,,,,no_hit_found
Q5KXG9,europepmc,,,NADPH dehydrogenase (Geobacillus kaustophilus (strain HTA426)),,,,,,,,,no_hit_found
Q816D9,europepmc,,,Ferredoxin--NADP reductase (Bacillus cereus (strain ATCC 14579 / DSM 31 / CCUG 7414 / JCM 2152 / NBRC 15305 / NCIMB 9373 / NCTC 2599 / NRRL B-3711)),,,,,,,,,no_hit_found
Q8XAY0,europepmc,,,tRNA uridine 5-carboxymethylaminomethyl modification enzyme MnmG (Escherichia coli O157:H7),,,,,,,,,no_hit_found
Q9ZK53,europepmc,,,Flavodoxin (Helicobacter pylori (strain J99 / ATCC 700824)),,,,,,,,,no_hit_found
